service_name,count,total_revenue,avg_price,min_price,max_price,first_seen_date,first_invoice_id
Cooling System Maintenance,78,42150.00,540.38,0.00,1250.00,2023-11-26,37
Install Windows + Basic Programs + Orignal Drivers,78,11700.00,150.00,0.00,650.00,2023-11-29,65
Descouint,55,-12375.00,-225.00,-850.00,-50.00,2025-08-12,1256
Fix Hosing,47,24700.00,525.53,0.00,950.00,2023-11-26,32
Discount,39,-8325.00,-213.46,-550.00,-50.00,2024-12-08,897
Cooling System Maintenance Pro,32,23185.00,724.53,450.00,1200.00,2024-01-28,257
Fix Power Circuit,31,26200.00,845.16,0.00,3300.00,2023-11-21,29
Fix Ram Circuit,21,9250.00,440.48,0.00,1000.00,2023-11-29,64
Install software + All Programs and All Orignal Drivers,19,5050.00,265.79,50.00,1100.00,2023-12-04,71
Change New Keyboard,16,16450.00,1028.12,450.00,1850.00,2023-12-03,69
Change New KB,16,13320.00,832.50,400.00,2300.00,2023-12-07,84
صيانه دوريه,16,11430.00,714.38,450.00,1200.00,2024-01-12,204
Fix Power Issue,13,12575.00,967.31,350.00,1875.00,2024-01-29,262
Cooling System Maintenance Ultra,13,13200.00,1015.38,750.00,1250.00,2024-02-22,338
Full Test + Install Windows + Basic Programs + Orignal Drivers,13,1300.00,100.00,100.00,100.00,2024-03-01,382
Change New Battery,13,14600.00,1123.08,850.00,2300.00,2024-02-22,343
Fix Charging Circuit,13,10650.00,819.23,350.00,1850.00,2024-03-13,416
Change New RTC Battery,12,1750.00,145.83,100.00,150.00,2023-12-24,135
Change New Screen,12,29950.00,2495.83,1550.00,7500.00,2024-01-14,210
Install HD + Install Windows + Basic Programs + Orignal Drivers,12,3150.00,262.50,0.00,350.00,2024-01-17,224
Change New Fan,11,4950.00,450.00,200.00,650.00,2023-11-29,66
Change RTC Battery,10,1300.00,130.00,0.00,150.00,2024-01-03,182
Discouint,9,-1575.00,-175.00,-250.00,-50.00,2025-05-09,1116
Change New Power Socket,8,3950.00,493.75,350.00,650.00,2023-12-03,67
Unlock Bios Password,8,3700.00,462.50,350.00,750.00,2023-12-04,76
Change screen,8,21000.00,2625.00,1600.00,5500.00,2024-01-31,266
Change New Battery High Copy,8,9000.00,1125.00,950.00,1300.00,2025-05-09,1117
Add SSD 128G + Install HD + Install Windows + Basic Programs + Orignal Drivers,7,7750.00,1107.14,950.00,1200.00,2024-09-24,778
Fix RAM Circuit,6,2500.00,416.67,0.00,1250.00,2023-11-26,37
Add Ram 8G,6,4380.00,730.00,480.00,800.00,2023-12-05,79
Cooling System Pro,6,3500.00,583.33,450.00,850.00,2024-01-29,263
Change New Screen 15.6,6,14500.00,2416.67,1550.00,3200.00,2024-06-26,590
Housing repair,5,2700.00,540.00,400.00,650.00,2024-01-26,249
Fix Fan,5,1050.00,210.00,0.00,350.00,2024-01-27,253
Change New Screen FHD,5,14200.00,2840.00,2600.00,3250.00,2024-02-18,317
Change Screen,5,500.00,100.00,100.00,100.00,2024-03-01,382
Change Power Socket,5,3400.00,680.00,600.00,850.00,2024-04-04,471
اصلاح هوسينج,5,3725.00,745.00,550.00,1100.00,2024-07-30,664
تغيير شاشه,5,11950.00,2390.00,1850.00,2850.00,2024-07-31,669
Fix Bios,4,1750.00,437.50,350.00,600.00,2023-12-24,136
Periodic maintenance,4,1850.00,462.50,350.00,600.00,2024-01-25,246
Change KB,4,1150.00,287.50,0.00,550.00,2024-01-14,211
Fix Power System Circuit,4,2500.00,625.00,450.00,950.00,2024-07-11,618
Add RAM 8G,4,2950.00,737.50,600.00,850.00,2024-08-07,681
Add SSD 256G + Install HD + Install Windows + Basic Programs + Orignal Drivers,4,6100.00,1525.00,1450.00,1650.00,2024-11-05,845
Bios Programming,3,1450.00,483.33,350.00,550.00,2023-10-07,5
Change New KB Orignal,3,2650.00,883.33,450.00,1450.00,2023-11-26,42
Change New Battery Orignal,3,6750.00,2250.00,1150.00,4100.00,2023-11-28,60
Install Windows + Basic Programs + Orignal Drivers + Cady,3,800.00,266.67,150.00,350.00,2023-12-03,69
Add SSD 128G,3,1950.00,650.00,550.00,750.00,2023-12-04,71
New Battery Orignal,3,4750.00,1583.33,1000.00,2200.00,2023-11-28,47
Change New Cable,3,1250.00,416.67,250.00,550.00,2023-12-24,133
Regular Maintenance Pro,3,1450.00,483.33,450.00,550.00,2023-12-25,138
install SSD + Install Windows + Basic Programs + Orignal Drivers,3,550.00,183.33,150.00,200.00,2023-12-31,164
Bios Programing,3,1550.00,516.67,350.00,650.00,2024-01-14,210
Routing Maintenance,3,1750.00,583.33,550.00,650.00,2024-01-16,216
Fix Bios Issue,3,2050.00,683.33,450.00,1150.00,2024-01-29,258
Fix Screen Flat,3,700.00,233.33,150.00,350.00,2024-03-04,399
سلفه مركاتك,3,900.00,300.00,300.00,300.00,2024-03-17,423
سلفه وقت تسليم الاجهزه,3,600.00,200.00,200.00,200.00,2024-03-17,423
Cooling System Ultra,3,2550.00,850.00,850.00,850.00,2024-05-12,521
Add New Ram 8G,3,2400.00,800.00,775.00,850.00,2024-07-22,641
Change New Fans,3,4600.00,1533.33,1200.00,1850.00,2024-08-18,702
Change New Orignal Battery,3,6850.00,2283.33,1650.00,2850.00,2024-09-08,735
Change New Keyboard Orignal Backlight,3,7550.00,2516.67,2350.00,2600.00,2024-10-22,820
Discounting,3,-440.00,-146.67,-300.00,-40.00,2024-12-24,917
Fix and Reprograming Bios,3,950.00,316.67,0.00,950.00,2025-01-21,966
تم اصلاح المشكله بحقن سيليكون اسود,3,0.00,0.00,0.00,0.00,2025-01-28,980
Change New Original Keyboard,3,5050.00,1683.33,1350.00,1850.00,2025-08-19,1271
Change New Screen 15.6 Led,2,3050.00,1525.00,1450.00,1600.00,2023-12-03,69
SSD 128 Orignal,2,1100.00,550.00,550.00,550.00,2023-12-03,69
Fix Chirging Circuit,2,1650.00,825.00,450.00,1200.00,2023-12-07,82
Cooling System Maintenance Pro (Tharmal Past & Tharmal Pad),2,1900.00,950.00,950.00,950.00,2023-12-12,100
Change New Keyboard Orignal,2,2400.00,1200.00,1050.00,1350.00,2023-12-17,117
Change Charger Cable,2,475.00,237.50,125.00,350.00,2023-12-16,111
Fix Bios Circuit,2,1100.00,550.00,550.00,550.00,2023-12-21,125
Fix Charger Circuit,2,1500.00,750.00,650.00,850.00,2023-12-21,125
Fix Power Socket,2,500.00,250.00,250.00,250.00,2023-12-20,120
Fix Fan Free,2,0.00,0.00,0.00,0.00,2023-12-27,149
Regular maintenance,2,1100.00,550.00,450.00,650.00,2023-12-30,156
Ram DDR4 2400 16G,2,2700.00,1350.00,1350.00,1350.00,2024-01-01,166
HDD 1T,2,1300.00,650.00,0.00,1300.00,2024-01-01,166
install Os,2,300.00,150.00,150.00,150.00,2024-01-01,167
Autocad 2021,2,200.00,100.00,100.00,100.00,2024-01-16,214
New Battery High Copy,2,1625.00,812.50,750.00,875.00,2024-01-17,224
Change keyboard,2,2750.00,1375.00,550.00,2200.00,2024-01-26,248
install OS,2,150.00,75.00,0.00,150.00,2024-01-27,251
Change Full Hosing,2,12050.00,6025.00,5200.00,6850.00,2024-02-06,285
Add Key,2,500.00,250.00,150.00,350.00,2024-02-06,285
Fix Hosing A-C,2,1500.00,750.00,650.00,850.00,2024-02-12,298
Fix Full Hosing,2,1750.00,875.00,650.00,1100.00,2024-02-28,375
Fix Lighting Circuit,2,1890.00,945.00,650.00,1240.00,2024-03-03,396
Fix T.C Socket,2,300.00,150.00,150.00,150.00,2024-03-01,380
Fix Charging Issue,2,2600.00,1300.00,350.00,2250.00,2024-03-07,406
Install HD + Install Windows + Basic Programs + Orignal Drivers + Cady,2,700.00,350.00,350.00,350.00,2024-03-19,430
Add Ram 4G,2,1275.00,637.50,425.00,850.00,2024-03-19,430
battery,2,3200.00,1600.00,1100.00,2100.00,2024-03-26,446
Reprograming Bios,2,350.00,175.00,0.00,350.00,2024-04-03,461
Van installation,2,2450.00,1225.00,600.00,1850.00,2024-04-15,482
Screen installation,2,5900.00,2950.00,1550.00,4350.00,2024-04-16,484
Cooling System Maintenance pro,2,1300.00,650.00,650.00,650.00,2024-04-17,487
RePrograming Bios,2,800.00,400.00,250.00,550.00,2024-04-01,455
كاش عم منصور,2,800.00,400.00,400.00,400.00,2024-04-30,508
اصلاح هاوسينج,2,1500.00,750.00,550.00,950.00,2024-05-13,525
Upgread To SSD 128G + install Windows +Basic Programs and Orignal Drivers + Cady and,2,2200.00,1100.00,1100.00,1100.00,2024-05-18,538
Install OS Free,2,0.00,0.00,0.00,0.00,2024-05-01,512
Change New Screen 15.6 Slim,2,3950.00,1975.00,1650.00,2300.00,2024-02-24,353
Full test,2,150.00,75.00,0.00,150.00,2024-06-24,585
RAM 2*8G,2,3300.00,1650.00,1550.00,1750.00,2024-06-26,588
Cooling System Maintenance\,2,1100.00,550.00,450.00,650.00,2024-07-01,600
Change New Screen 15.6 HD,2,3900.00,1950.00,1950.00,1950.00,2024-07-10,615
freighter,2,1100.00,550.00,450.00,650.00,2024-07-14,627
Fix Bios And ReProgramming,2,1350.00,675.00,350.00,1000.00,2024-07-02,601
تغيير كيبورد,2,1100.00,550.00,550.00,550.00,2024-08-20,706
Fix Power SW,2,250.00,125.00,0.00,250.00,2024-09-12,745
تغيير بطاريه,2,2200.00,1100.00,950.00,1250.00,2024-09-18,758
2350,2,4400.00,2200.00,2050.00,2350.00,2024-09-24,776
Change New Fan High Quilty,2,1900.00,950.00,650.00,1250.00,2024-09-25,782
TONER CARTRIDGE A85-A35-A36,2,550.00,275.00,275.00,275.00,2024-10-02,792
Reset & Fix Bios,2,1700.00,850.00,750.00,950.00,2024-10-06,794
سوفت وير,2,300.00,150.00,150.00,150.00,2024-10-08,797
toner hp 1018,2,600.00,300.00,300.00,300.00,2024-11-12,856
Add New SSD 128G + Install HD + Install Windows + Basic Programs + Orignal Drivers,2,2100.00,1050.00,1000.00,1100.00,2024-11-19,866
Change Keyboard,2,3100.00,1550.00,1250.00,1850.00,2024-12-21,913
Cooling System Maintenance Thermal Grezzly Lequid Metal,2,3700.00,1850.00,1850.00,1850.00,2024-12-29,926
تعم عمل خصم لكل التكاليف عدي تكاليف الخامات ودا بسبب ان الجهاز اتعمله صيانه دوريه من فتره و حضرتك حاسبت عليها لاكن كانت بدون نتيجه,2,-2200.00,-1100.00,-1100.00,-1100.00,2024-12-29,926
Add SSD 265G + Install HD + Install Windows + Basic Programs + Orignal Drivers,2,3300.00,1650.00,1450.00,1850.00,2025-01-07,943
بطاريه,2,1850.00,925.00,900.00,950.00,2025-01-18,957
Fix RAM Port,2,1700.00,850.00,750.00,950.00,2025-01-23,972
تغيير  rtc,2,1900.00,950.00,950.00,950.00,2025-02-06,998
اصلاح هاوسنج,2,1065.00,532.50,515.00,550.00,2025-02-10,1003
New Charger,2,850.00,425.00,400.00,450.00,2025-02-06,1000
Full Test,2,150.00,75.00,0.00,150.00,2025-02-23,1024
تركيب هارد -كادي-ويندوز,2,2000.00,1000.00,1000.00,1000.00,2025-02-27,1046
شاشه 15.6,2,6100.00,3050.00,2350.00,3750.00,2025-03-04,1051
Change Hosing CD,2,3750.00,1875.00,1450.00,2300.00,2025-03-10,1064
deduct,2,-500.00,-250.00,-300.00,-200.00,2025-03-11,1065
Deposit,2,-11250.00,-5625.00,-6750.00,-4500.00,2024-11-30,876
Change USB Socket,2,650.00,325.00,100.00,550.00,2025-05-11,1118
Fix Bios And Reprograming,2,750.00,375.00,150.00,600.00,2025-05-31,1136
Fix Cinter Pin Circuit,2,800.00,400.00,350.00,450.00,2025-05-31,1142
Change Thermal Past,2,350.00,175.00,0.00,350.00,2025-05-31,1141
"Removed liquid residue, replaced all damaged components, and resoldered the affected parts to restore functionality.",2,3100.00,1550.00,950.00,2150.00,2025-06-17,1166
Change New Keyboard Original,2,2700.00,1350.00,1350.00,1350.00,2025-06-17,1166
Replaced the T.C port with a new one and repaired/rebuilt the damaged board traces,2,2700.00,1350.00,1250.00,1450.00,2025-07-21,1203
a12 1020,2,500.00,250.00,250.00,250.00,2025-08-20,1276
Delivery Service,2,764.00,382.00,50.00,714.00,2025-09-09,1299
حباره توشيبا T-2323P,2,3600.00,1800.00,1800.00,1800.00,2025-09-15,1311
Change New Screen 15.6 High Quilty,2,3600.00,1800.00,1650.00,1950.00,2025-09-29,1336
Change New Battery Original Quilty,2,4500.00,2250.00,1850.00,2650.00,2025-10-06,1352
Install Software,1,50.00,50.00,50.00,50.00,2023-10-07,2
55للاب,1,555.00,555.00,555.00,555.00,2023-10-09,28
Test,1,500.00,500.00,500.00,500.00,2023-11-25,30
Fix Charging Circuit And Battery,1,1450.00,1450.00,1450.00,1450.00,2023-11-26,31
Fix Track Pad,1,450.00,450.00,450.00,450.00,2023-11-26,31
Cooliing System Maintenance,1,450.00,450.00,450.00,450.00,2023-11-26,31
Active Window And Office,1,50.00,50.00,50.00,50.00,2023-11-26,32
Install SW + Cady,1,250.00,250.00,250.00,250.00,2023-11-26,35
Cooling System Maintenance x6,1,900.00,900.00,900.00,900.00,2023-11-26,39
Fix Power Circuit (Lenovo),1,450.00,450.00,450.00,450.00,2023-11-26,39
Dell KB,1,150.00,150.00,150.00,150.00,2023-11-26,39
ReProgramming Bios Precisiom 3510,1,150.00,150.00,150.00,150.00,2023-11-26,39
Change 2 USB For HP,1,300.00,300.00,300.00,300.00,2023-11-26,39
Clean Touch Pad Flat,1,0.00,0.00,0.00,0.00,2023-11-26,42
Fix Power Button,1,350.00,350.00,350.00,350.00,2023-11-26,34
Change New Screen FHD Orignal,1,2050.00,2050.00,2050.00,2050.00,2023-11-28,60
Install OS + Cady + Assembly,1,300.00,300.00,300.00,300.00,2023-11-28,63
SW install,1,150.00,150.00,150.00,150.00,2023-11-28,62
Fix Wi-Fi and Lan,1,100.00,100.00,100.00,100.00,2023-11-28,46
Change New Charger Cable Original,1,450.00,450.00,450.00,450.00,2023-12-03,67
Change Hinges,1,250.00,250.00,250.00,250.00,2023-12-03,69
Unlock,1,550.00,550.00,550.00,550.00,2023-12-04,77
Change New Screen FHD Orignal 120HZ,1,3600.00,3600.00,3600.00,3600.00,2023-12-04,74
Add Ram 2x4G,1,550.00,550.00,550.00,550.00,2023-12-04,71
Fix Speaker,1,0.00,0.00,0.00,0.00,2023-12-07,82
New SSD 256G NGU930R0121090S30W,1,900.00,900.00,900.00,900.00,2023-12-11,96
assumbly + Install Windows + Basic Programs + Orignal Drivers + Cady,1,300.00,300.00,300.00,300.00,2023-12-11,96
New Dell Charger Orignal Pan 130W,1,650.00,650.00,650.00,650.00,2023-12-11,96
Power Cable Orignal x2,1,110.00,110.00,110.00,110.00,2023-12-11,96
New Screen 15.6 Orignal,1,1750.00,1750.00,1750.00,1750.00,2023-11-28,47
RAM 8G PC3L,1,500.00,500.00,500.00,500.00,2023-11-28,47
Assembly + Install Windows + Basic Programs + Orignal Drivers + Cady,1,300.00,300.00,300.00,300.00,2023-12-05,80
inspicsin Charge,1,100.00,100.00,100.00,100.00,2023-12-10,89
install os free,1,0.00,0.00,0.00,0.00,2023-12-04,73
Fix liquid spill Damage,1,1350.00,1350.00,1350.00,1350.00,2023-12-13,101
Cooling System Maintenance Free warranty,1,0.00,0.00,0.00,0.00,2023-12-13,101
Change New RTC Battery High Quilty,1,150.00,150.00,150.00,150.00,2023-12-12,100
Change MB,1,2400.00,2400.00,2400.00,2400.00,2023-12-12,97
SSD 512G 2.5 Insh,1,1450.00,1450.00,1450.00,1450.00,2023-12-14,105
Assembly - Install Windows + Basic Programs + Orignal Drivers,1,250.00,250.00,250.00,250.00,2023-12-14,105
Precision 3510,1,350.00,350.00,350.00,350.00,2023-12-17,114
Precision 7520,1,450.00,450.00,450.00,450.00,2023-12-17,114
اصلاح مشكله الباور,1,650.00,650.00,650.00,650.00,2023-12-16,110
اصلاح المفصلات وصب قواعد للهاوسنج,1,350.00,350.00,350.00,350.00,2023-12-16,110
Autodisk 3x75,1,225.00,225.00,225.00,225.00,2023-12-20,124
Adoby 2x50,1,100.00,100.00,100.00,100.00,2023-12-20,124
Buirn OS to Flash,1,0.00,0.00,0.00,0.00,2023-12-21,128
New Battery,1,550.00,550.00,550.00,550.00,2023-12-21,129
Add RAM 4G DDR3,1,350.00,350.00,350.00,350.00,2023-12-21,129
Change USB,1,150.00,150.00,150.00,150.00,2023-12-20,122
install os x2,1,300.00,300.00,300.00,300.00,2023-12-23,132
New SSD M.2 512G  Dahwa-ya,1,1750.00,1750.00,1750.00,1750.00,2023-12-21,127
install SSD - Install Windows + Basic Programs + Orignal Drivers,1,200.00,200.00,200.00,200.00,2023-12-21,127
Replacement New Battery,1,2350.00,2350.00,2350.00,2350.00,2023-12-25,138
New Mac Charger 45W T,1,1200.00,1200.00,1200.00,1200.00,2023-12-25,138
Fix Hosing Free Warrinty,1,0.00,0.00,0.00,0.00,2023-12-14,104
Fix  Charging Circutt,1,750.00,750.00,750.00,750.00,2023-12-20,119
Add SSD 1T Orignal (DR),1,2650.00,2650.00,2650.00,2650.00,2023-12-26,141
Change MatherBoard,1,1800.00,1800.00,1800.00,1800.00,2023-12-16,109
Change SP,1,200.00,200.00,200.00,200.00,2023-12-16,109
Change New Screen (Orignal) FHD 144Hz,1,3700.00,3700.00,3700.00,3700.00,2023-12-27,148
"Add SSD 2.5"" 128G",1,550.00,550.00,550.00,550.00,2023-12-27,147
Install SSD - Install Windows + Basic Programs + Orignal Drivers,1,300.00,300.00,300.00,300.00,2023-12-27,147
Unlock SW Password,1,100.00,100.00,100.00,100.00,2023-12-27,146
Fix RAM Short Circuit,1,550.00,550.00,550.00,550.00,2023-12-27,145
Periodic maintenance + changing thermal paste,1,550.00,550.00,550.00,550.00,2023-12-28,150
AutoCAD,1,50.00,50.00,50.00,50.00,2023-12-28,152
KADI + Windows version +,1,250.00,250.00,250.00,250.00,2023-12-28,152
Add hard disk 128,1,550.00,550.00,550.00,550.00,2023-12-28,152
Windows + Adobe,1,100.00,100.00,100.00,100.00,2023-12-24,135
Disassembly and installation,1,50.00,50.00,50.00,50.00,2023-12-29,154
Windows + Caddy,1,250.00,250.00,250.00,250.00,2023-12-29,154
Keyboard installation,1,1150.00,1150.00,1150.00,1150.00,2023-12-29,153
Widnose,1,150.00,150.00,150.00,150.00,2023-12-29,153
New Charger Acer 65W,1,350.00,350.00,350.00,350.00,2023-12-30,159
Fix Limited Charging 54% From Bios,1,1200.00,1200.00,1200.00,1200.00,2023-12-31,160
New KB Orignal,1,1250.00,1250.00,1250.00,1250.00,2023-12-31,161
Autocad 2023 Sours,1,100.00,100.00,100.00,100.00,2023-12-24,137
Revit 2023 Sours,1,100.00,100.00,100.00,100.00,2023-12-24,137
3D Max 2023 Sours,1,100.00,100.00,100.00,100.00,2023-12-24,137
Install Os Montery + Basic Programs,1,550.00,550.00,550.00,550.00,2023-12-30,157
Sumsung SSD M.2 Nvme 256G SN:S425NE0K907262,1,850.00,850.00,850.00,850.00,2023-12-31,164
Orignal SSD M.2 256G,1,850.00,850.00,850.00,850.00,2023-12-31,165
Change New Screen 15.6 120Hz (Orignal),1,3750.00,3750.00,3750.00,3750.00,2023-12-30,156
Add SSD SK hynix 256G 2.5 insh,1,950.00,950.00,950.00,950.00,2024-01-01,169
Install HD + Install Windows + Basic Programs + Orignal Drivers -Cady,1,250.00,250.00,250.00,250.00,2024-01-01,169
Repair of liquid damage,1,750.00,750.00,750.00,750.00,2023-12-18,118
Fix Back light Circuit & Change New Flat Screen,1,550.00,550.00,550.00,550.00,2023-12-18,118
Cooling System Maintenance Free,1,0.00,0.00,0.00,0.00,2023-12-18,118
Change Power Mini Board,1,400.00,400.00,400.00,400.00,2023-12-26,142
"ADD SSD 2.5"" 128G + Install HD + Install Windows + Basic Programs + Orignal Drivers",1,900.00,900.00,900.00,900.00,2024-01-02,172
Add Ram PC3 4G,1,370.00,370.00,370.00,370.00,2024-01-02,172
3d Max 2023,1,75.00,75.00,75.00,75.00,2024-01-03,173
Cad 2022 - 2023,1,75.00,75.00,75.00,75.00,2024-01-03,173
Photo Shop 2022,1,50.00,50.00,50.00,50.00,2024-01-03,173
Revet 2023,1,75.00,75.00,75.00,75.00,2024-01-03,173
SketchUp 2023,1,50.00,50.00,50.00,50.00,2024-01-03,173
Basic Programs Free,1,0.00,0.00,0.00,0.00,2024-01-03,173
HP Charger 90W Envy High Copy,1,350.00,350.00,350.00,350.00,2024-01-03,183
"New Screen 11.6"" (New)",1,1550.00,1550.00,1550.00,1550.00,2024-01-03,176
Fix Battery Circuit,1,150.00,150.00,150.00,150.00,2023-12-23,130
"New Screen 15,6 40Pin",1,1850.00,1850.00,1850.00,1850.00,2024-01-04,185
Routine maintenance,1,550.00,550.00,550.00,550.00,2024-01-02,170
Routine Maintenance,1,350.00,350.00,350.00,350.00,2024-01-07,186
New Battery For HP 15-r0,1,650.00,650.00,650.00,650.00,2024-01-07,187
Change New Wifi Card,1,450.00,450.00,450.00,450.00,2024-01-03,181
Fix Powert Circuit,1,750.00,750.00,750.00,750.00,2024-01-03,177
"New Screen 14"" FHD Ips",1,3500.00,3500.00,3500.00,3500.00,2024-01-09,194
install Autocad,1,100.00,100.00,100.00,100.00,2024-01-08,192
Change New Hosing (A-B),1,1350.00,1350.00,1350.00,1350.00,2024-01-09,196
Change New Rtc Battery,1,150.00,150.00,150.00,150.00,2024-01-03,178
Change New Fan High Quility,1,450.00,450.00,450.00,450.00,2024-01-13,205
SSD 256G Orignal,1,900.00,900.00,900.00,900.00,2024-01-14,207
RAM 8G Orignal,1,650.00,650.00,650.00,650.00,2024-01-14,207
fix wifi and remov Vires,1,150.00,150.00,150.00,150.00,2024-01-12,201
Change Hosing ABH,1,850.00,850.00,850.00,850.00,2024-01-14,206
Routine Maintenance Pro,1,350.00,350.00,350.00,350.00,2024-01-14,210
Change RTC Battery (Free),1,0.00,0.00,0.00,0.00,2024-01-14,210
Screw set (Free),1,0.00,0.00,0.00,0.00,2024-01-14,210
Fix Bios EndPoint Secuirty,1,450.00,450.00,450.00,450.00,2024-01-17,221
HDD 500G,1,400.00,400.00,400.00,400.00,2024-01-17,224
"2.5"" USB Rack",1,200.00,200.00,200.00,200.00,2024-01-17,224
DVD USB Rack,1,150.00,150.00,150.00,150.00,2024-01-17,224
CPU I5-4TH,1,850.00,850.00,850.00,850.00,2024-01-14,208
Programing Bios Free,1,0.00,0.00,0.00,0.00,2024-01-14,208
install Office,1,150.00,150.00,150.00,150.00,2024-01-17,223
Charger Orignal Imbort,1,550.00,550.00,550.00,550.00,2024-01-17,219
Fix VRam Circuit,1,650.00,650.00,650.00,650.00,2024-01-11,200
Routing Maintenance Pro,1,550.00,550.00,550.00,550.00,2024-01-18,227
Change Io Clean Lequid Dimage,1,400.00,400.00,400.00,400.00,2024-01-19,231
Hosing D,1,800.00,800.00,800.00,800.00,2024-01-19,231
Add New Wifi Card,1,450.00,450.00,450.00,450.00,2023-11-28,55
Fix Key,1,100.00,100.00,100.00,100.00,2023-11-28,55
SSD 120G,1,750.00,750.00,750.00,750.00,2024-01-22,238
Mounting bracket repair free,1,0.00,0.00,0.00,0.00,2024-01-24,242
2x Autocad 2021,1,250.00,250.00,250.00,250.00,2024-01-24,244
3d Max,1,125.00,125.00,125.00,125.00,2024-01-24,244
Rivet,1,125.00,125.00,125.00,125.00,2024-01-24,244
Photoshop 2023,1,75.00,75.00,75.00,75.00,2024-01-24,244
A problem with the RAM circuit,1,950.00,950.00,950.00,950.00,2024-01-25,247
Wi-Fi card,1,500.00,500.00,500.00,500.00,2024-01-21,235
Maintenance of the mortal,1,550.00,550.00,550.00,550.00,2024-01-26,250
SSD 128G,1,850.00,850.00,850.00,850.00,2024-01-27,254
Install HD + Install Windows + Basic Programs + Orignal Drivers ppm,1,300.00,300.00,300.00,300.00,2024-01-27,254
Add 2Ram4G,1,750.00,750.00,750.00,750.00,2024-01-27,254
Install Windows 11 + Bacis Programs + Orignal Drivers,1,250.00,250.00,250.00,250.00,2024-01-28,255
license Windows 11Pro,1,650.00,650.00,650.00,650.00,2024-01-28,255
Fix Nvidia Card Circuit,1,2900.00,2900.00,2900.00,2900.00,2024-01-21,233
Charger Orignal 90W,1,650.00,650.00,650.00,650.00,2024-01-29,261
Change New ascreen,1,2800.00,2800.00,2800.00,2800.00,2024-01-31,264
Fix Keys Broken,1,0.00,0.00,0.00,0.00,2024-01-31,264
Change New Flat Screen - Fix Hosing,1,1100.00,1100.00,1100.00,1100.00,2024-02-03,276
Change New Screen 13.3,1,1900.00,1900.00,1900.00,1900.00,2024-02-04,278
Install Windows 11 + Basic Programs + Orignal Drivers,1,200.00,200.00,200.00,200.00,2024-02-04,280
Install Photoshop,1,75.00,75.00,75.00,75.00,2024-02-04,280
Install illustrator,1,75.00,75.00,75.00,75.00,2024-02-04,280
Fix Power Circuit And Ram issue,1,650.00,650.00,650.00,650.00,2024-01-27,252
Add SSD 256G 2.5,1,1500.00,1500.00,1500.00,1500.00,2024-01-27,252
Hard Rack,1,125.00,125.00,125.00,125.00,2024-01-27,252
Change All NAND Flash (Orignal),1,8000.00,8000.00,8000.00,8000.00,2024-01-14,209
Change New Battery High Copy + Fix Chirging Issue,1,1500.00,1500.00,1500.00,1500.00,2024-02-02,271
Add Ram PC3L 8G,1,775.00,775.00,775.00,775.00,2024-02-06,284
Fix USB,1,150.00,150.00,150.00,150.00,2024-02-06,285
Typing to laser keyboard,1,150.00,150.00,150.00,150.00,2024-02-06,285
Programming Bios,1,450.00,450.00,450.00,450.00,2024-01-08,191
Fix RAM Socket Pins Free,1,0.00,0.00,0.00,0.00,2024-01-08,191
Programming Bios and Fix Issue,1,500.00,500.00,500.00,500.00,2024-02-05,281
Add HDD 320G,1,250.00,250.00,250.00,250.00,2024-02-07,290
Adding an SSD + adding Windows + a Caddy + cleaning the headphone and keyboard,1,1750.00,1750.00,1750.00,1750.00,2024-02-10,295
Convert GPU to intel,1,650.00,650.00,650.00,650.00,2024-01-17,220
Fix Power Circuit & Clear Lequid Damige,1,1450.00,1450.00,1450.00,1450.00,2024-01-14,211
Add New SSD 256G,1,1450.00,1450.00,1450.00,1450.00,2024-02-12,299
Fix Data Issue Ram Circuit + Bios Update,1,650.00,650.00,650.00,650.00,2024-02-14,310
Change New Screen 120Hz (High Qyilty),1,5000.00,5000.00,5000.00,5000.00,2024-02-14,309
Fix Data Issue,1,700.00,700.00,700.00,700.00,2024-02-14,309
تكلفه اصلاح,1,750.00,750.00,750.00,750.00,2024-02-14,308
BIOS charging,1,650.00,650.00,650.00,650.00,2024-02-15,312
Fix Power Circuir + Fix Short SW Circuir,1,1300.00,1300.00,1300.00,1300.00,2024-02-13,305
Change housing,1,2400.00,2400.00,2400.00,2400.00,2024-02-19,319
تنظيف البرده من اثار العمل السابق - اثار السائل واستبدال المكونات التالفه,1,250.00,250.00,250.00,250.00,2024-02-15,313
اصلاح دائره الRun Power,1,750.00,750.00,750.00,750.00,2024-02-15,313
اصلاح دائره الشحن,1,450.00,450.00,450.00,450.00,2024-02-15,313
Change Old KB From Markatak,1,0.00,0.00,0.00,0.00,2024-02-19,322
Fix RTC Socket Broken,1,150.00,150.00,150.00,150.00,2023-11-28,49
Fix USB Circuit (Read USB 2 Only),1,300.00,300.00,300.00,300.00,2023-11-28,49
Change Work Battery From Other Device,1,0.00,0.00,0.00,0.00,2023-11-28,49
Change the charging socket,1,850.00,850.00,850.00,850.00,2024-02-24,349
Change charger cable,1,650.00,650.00,650.00,650.00,2024-02-24,349
Add New SSD M.2,1,800.00,800.00,800.00,800.00,2024-02-25,367
Change SSD 512 Sumsung EVO,1,2950.00,2950.00,2950.00,2950.00,2024-02-26,370
change screen from 340,1,150.00,150.00,150.00,150.00,2024-02-22,344
Fix Ram Short Circuit,1,850.00,850.00,850.00,850.00,2024-02-23,348
Fix Power Circut,1,600.00,600.00,600.00,600.00,2024-02-12,303
Locks 2,1,200.00,200.00,200.00,200.00,2024-02-12,303
Fix Endpoint Security Controller Problem,1,1000.00,1000.00,1000.00,1000.00,2024-02-27,371
Change Flat from 340,1,150.00,150.00,150.00,150.00,2024-02-22,339
تغير سوكت شحن,1,500.00,500.00,500.00,500.00,2024-03-02,392
Fix T.C Tracks & Change T.C Socket,1,850.00,850.00,850.00,850.00,2024-02-11,296
Change TB,1,50.00,50.00,50.00,50.00,2024-03-01,384
SSD 256G,1,1350.00,1350.00,1350.00,1350.00,2024-03-02,391
change Screen,1,100.00,100.00,100.00,100.00,2024-03-01,385
Change TB - Battery Hoshing C,1,150.00,150.00,150.00,150.00,2024-03-04,401
Repair damage caused by liquid and replace damaged components,1,550.00,550.00,550.00,550.00,2024-02-22,343
Battery flat,1,175.00,175.00,175.00,175.00,2024-02-22,343
Change van,1,1500.00,1500.00,1500.00,1500.00,2024-03-06,404
Fix SSD,1,550.00,550.00,550.00,550.00,2024-03-01,378
Caddy DVD,1,200.00,200.00,200.00,200.00,2024-03-01,378
Windows + definitions + basic programs,1,200.00,200.00,200.00,200.00,2024-03-01,378
Repair traces of liquid,1,1450.00,1450.00,1450.00,1450.00,2024-02-26,369
Change MSata 128G,1,1050.00,1050.00,1050.00,1050.00,2024-02-26,369
Add HDD 500G HDD,1,650.00,650.00,650.00,650.00,2024-02-29,376
Hard writing,1,1200.00,1200.00,1200.00,1200.00,2024-03-08,409
Screen Flat,1,0.00,0.00,0.00,0.00,2024-01-08,190
تم تركيب هارد وكادي وتنزيل ويندوز,1,1400.00,1400.00,1400.00,1400.00,2024-03-10,413
هارد كادي ويندوز,1,1175.00,1175.00,1175.00,1175.00,2024-03-10,414
Install Office 365 Licinsed,1,150.00,150.00,150.00,150.00,2024-03-13,419
Change SSD 128G,1,875.00,875.00,875.00,875.00,2024-03-10,412
Replace damaged parts,1,1200.00,1200.00,1200.00,1200.00,2024-03-14,421
Removal of fluids,1,300.00,300.00,300.00,300.00,2024-03-14,421
Add New SSD 128G,1,900.00,900.00,900.00,900.00,2024-03-19,430
Power failure repair,1,550.00,550.00,550.00,550.00,2024-03-22,434
Hard disk installation,1,1450.00,1450.00,1450.00,1450.00,2024-03-22,434
Screenshot it,1,350.00,350.00,350.00,350.00,2024-03-23,437
Change Charger ic,1,500.00,500.00,500.00,500.00,2024-03-21,432
fix liquid damage and replace damaged component,1,450.00,450.00,450.00,450.00,2024-03-13,416
اوفيس,1,100.00,100.00,100.00,100.00,2024-03-26,443
Windows hard drive + definitions + basic programs + CAD,1,2900.00,2900.00,2900.00,2900.00,2024-03-26,446
Hard,1,2500.00,2500.00,2500.00,2500.00,2024-03-24,440
Windows + drivers + hard drive installation,1,250.00,250.00,250.00,250.00,2024-03-24,440
Fix Ram Circuit and Fix Liquid Damige,1,850.00,850.00,850.00,850.00,2024-03-22,433
Fix Lequid Damige and fix Power Circuit,1,750.00,750.00,750.00,750.00,2024-03-05,402
inspection charge,1,150.00,150.00,150.00,150.00,2024-03-26,442
"Change New Screen 15.6""",1,2150.00,2150.00,2150.00,2150.00,2024-04-01,450
Fix LCD Flat,1,1850.00,1850.00,1850.00,1850.00,2024-03-30,447
"SSD 256G 2.5""",1,1450.00,1450.00,1450.00,1450.00,2024-04-02,460
Reprograming Bios + Fix Ram Circuit,1,950.00,950.00,950.00,950.00,2024-03-31,448
Change Mac MagSafe 1 Charger Cable,1,350.00,350.00,350.00,350.00,2024-04-03,462
"Change New Screen 14"" HD",1,1750.00,1750.00,1750.00,1750.00,2024-04-03,464
Acer Charger 180W Orignal,1,1450.00,1450.00,1450.00,1450.00,2024-04-03,468
Screen 15.6 FHD 30Pin Smail Board,1,3800.00,3800.00,3800.00,3800.00,2024-04-04,470
صيانه هوسينج,1,600.00,600.00,600.00,600.00,2024-04-05,473
Active OS,1,50.00,50.00,50.00,50.00,2024-04-06,476
تغير بطارية,1,1850.00,1850.00,1850.00,1850.00,2024-04-07,477
Dell Charger 90W Orignal,1,550.00,550.00,550.00,550.00,2024-04-07,478
Fix RTC Circuit,1,300.00,300.00,300.00,300.00,2024-03-13,417
Installation of hard drive + cable,1,1000.00,1000.00,1000.00,1000.00,2024-04-15,481
Download Illustrator + Photoshop,1,100.00,100.00,100.00,100.00,2024-04-15,481
SSD 256g Nvme + Install HD + Install Windows + Basic Programs + Orignal Drivers,1,1500.00,1500.00,1500.00,1500.00,2024-04-15,483
RAM 8G 3200,1,950.00,950.00,950.00,950.00,2024-04-15,483
Housing installation,1,1250.00,1250.00,1250.00,1250.00,2024-04-16,484
تغيير شاشه fhd,1,2950.00,2950.00,2950.00,2950.00,2024-04-17,485
fic hosing,1,650.00,650.00,650.00,650.00,2024-04-17,487
Convert,1,100.00,100.00,100.00,100.00,2024-04-17,486
add ssd 128G,1,1000.00,1000.00,1000.00,1000.00,2024-04-17,488
Burning Windows 10 to Flash (Free),1,0.00,0.00,0.00,0.00,2024-04-17,489
صيانه دوريه .. (الثيرمل بيست من العميل),1,300.00,300.00,300.00,300.00,2024-04-18,490
Change SSD Port,1,650.00,650.00,650.00,650.00,2024-04-01,453
Cooling System Maintenance & Fix Fan,1,450.00,450.00,450.00,450.00,2024-04-20,492
تحميل اوفيس,1,200.00,200.00,200.00,200.00,2024-04-21,494
full Test - Install Windows + Basic Programs + Orignal Drivers,1,250.00,250.00,250.00,250.00,2024-04-20,493
FIX HOSING,1,550.00,550.00,550.00,550.00,2024-04-23,502
Programing Bios,1,650.00,650.00,650.00,650.00,2024-04-22,499
Change New USB,1,250.00,250.00,250.00,250.00,2024-04-22,499
تركيب min,1,150.00,150.00,150.00,150.00,2024-04-25,503
fix hosimg,1,650.00,650.00,650.00,650.00,2024-04-25,504
Fix Chrging Circuit,1,450.00,450.00,450.00,450.00,2024-04-25,505
تكلفه الفحص,1,150.00,150.00,150.00,150.00,2024-04-29,507
Installation 5 Adobe programs,1,350.00,350.00,350.00,350.00,2024-05-09,516
Fix Hosing 2 Hinges,1,1200.00,1200.00,1200.00,1200.00,2024-05-12,523
Upgread To SSD 128G + Install Windows + Basic Programs + Orignal Drivers,1,1200.00,1200.00,1200.00,1200.00,2024-05-12,524
New Charger Orignal,1,950.00,950.00,950.00,950.00,2024-05-12,524
Upgrad to ssd 128G + Install Windows + Basic Programs + Orignal Drivers,1,1000.00,1000.00,1000.00,1000.00,2024-05-13,527
Upgread to SSD 256G + Install Windows + Basic Programs + Orignal Drivers,1,1600.00,1600.00,1600.00,1600.00,2024-05-14,529
New Battery High Quilty,1,1050.00,1050.00,1050.00,1050.00,2024-05-14,529
Cooling System Maintenance Normal,1,350.00,350.00,350.00,350.00,2024-05-14,529
تخفيف المفصلات واستعدال الهوسانج,1,100.00,100.00,100.00,100.00,2024-05-16,532
chANGW CABLE,1,400.00,400.00,400.00,400.00,2024-02-08,293
Change Bios Chip + Programming Bios,1,950.00,950.00,950.00,950.00,2024-05-11,519
Fix Hosing 2 hings,1,650.00,650.00,650.00,650.00,2024-05-17,534
New Screen FHD (Orignal),1,3200.00,3200.00,3200.00,3200.00,2024-05-18,537
Cooling Sysem Pro & Fix Fan,1,450.00,450.00,450.00,450.00,2024-05-16,531
Change New RTC Battery + Fix TPM,1,1000.00,1000.00,1000.00,1000.00,2024-05-01,512
Fix Viga Circuit & Cooling sys,1,1450.00,1450.00,1450.00,1450.00,2024-05-01,512
تغيير الفلاته,1,450.00,450.00,450.00,450.00,2024-05-20,544
(New Screen 15.6 (High Quilty,1,1550.00,1550.00,1550.00,1550.00,2024-05-17,535
Cooling system,1,350.00,350.00,350.00,350.00,2024-05-17,535
Fix Charging Circuit & RTC Battery,1,800.00,800.00,800.00,800.00,2024-05-20,541
Dell New Charger New Pin Prignal,1,850.00,850.00,850.00,850.00,2024-05-22,545
Change USB Port (1),1,200.00,200.00,200.00,200.00,2024-05-28,548
Fix USB Sircuit,1,150.00,150.00,150.00,150.00,2024-05-28,548
Add SSD 128G + Install Windows + Basic Programs + Orignal Drivers +CAdy And Assimbly,1,1100.00,1100.00,1100.00,1100.00,2024-05-29,552
تم حل مشكله الباور و الجهاز يعمل طبيعي لاكن يوجد تلف داخلي ف مديول الفيجا الIntel,1,350.00,350.00,350.00,350.00,2024-02-24,366
Fix Screen,1,250.00,250.00,250.00,250.00,2024-02-20,334
Bios Programing - Install OS,1,450.00,450.00,450.00,450.00,2024-02-19,329
Add New RTC Battery,1,100.00,100.00,100.00,100.00,2024-02-19,327
تم تبديل نصف الجهازين,1,150.00,150.00,150.00,150.00,2024-02-19,324
Fix Battery Sockit,1,150.00,150.00,150.00,150.00,2024-05-29,553
Fix Lequide Damige & Clean Liquid on MB,1,650.00,650.00,650.00,650.00,2024-05-28,551
Reprogramming Bios + Fix Sata Circuit,1,650.00,650.00,650.00,650.00,2024-05-16,533
HDD Flat Cable,1,250.00,250.00,250.00,250.00,2024-05-16,533
تكلفه فك شاشتين HP EliteBook X360 وتنظبف الكاميرات 2*650,1,2000.00,2000.00,2000.00,2000.00,2024-05-30,556
Fix Power System Circuit + RePrograming Bios To HP EliteBook 1040 G6,1,1100.00,1100.00,1100.00,1100.00,2024-05-30,556
ReBuild Bios & Fix Endpoint Secuirty To HP EliteBook 1040 G5,1,750.00,750.00,750.00,750.00,2024-05-30,556
اعاده لحام سوكت البطاريه وتعويض المسارات المقطوعه,1,150.00,150.00,150.00,150.00,2024-06-03,562
Cahnge New RTC Battery,1,100.00,100.00,100.00,100.00,2024-02-24,353
Fix Cam Circuit And Add Cam,1,300.00,300.00,300.00,300.00,2024-02-24,354
Change New RTC Battry,1,100.00,100.00,100.00,100.00,2024-02-19,331
Cancel Vega card,1,550.00,550.00,550.00,550.00,2024-02-19,331
Change New Speaker,1,400.00,400.00,400.00,400.00,2024-02-19,331
Fix Viga Circuit,1,250.00,250.00,250.00,250.00,2024-02-24,359
تجميع باقي الجهاز من التقطيع,1,150.00,150.00,150.00,150.00,2024-02-24,359
Fix Hosing 2Hing,1,500.00,500.00,500.00,500.00,2024-06-04,569
كولينج وسوفت وير,1,400.00,400.00,400.00,400.00,2024-06-04,568
Change the motherboard,1,2500.00,2500.00,2500.00,2500.00,2024-06-02,560
Screen flat repair,1,250.00,250.00,250.00,250.00,2024-06-09,571
تغيير الكلكات من الاسكراب,1,0.00,0.00,0.00,0.00,2024-06-03,566
Change New Screen and Assembly,1,1650.00,1650.00,1650.00,1650.00,2024-06-03,563
ADD New Battery,1,1350.00,1350.00,1350.00,1350.00,2024-06-03,567
Fix Ram Circuit And ReBuild Bios And ReProgramming,1,800.00,800.00,800.00,800.00,2024-06-11,574
Hard disk installation + Windows + original drivers,1,1750.00,1750.00,1750.00,1750.00,2024-06-11,573
Cooling System maintenance,1,480.00,480.00,480.00,480.00,2024-06-11,573
Change New PCH And Fix Power Circuit,1,4000.00,4000.00,4000.00,4000.00,2024-05-28,547
تكلفه قطه الغيار فقط,1,350.00,350.00,350.00,350.00,2024-05-22,546
Chang Motherboard to i7-8th,1,7000.00,7000.00,7000.00,7000.00,2024-02-24,351
Change new RTC Battery,1,150.00,150.00,150.00,150.00,2024-02-24,351
New Ram 8G,1,850.00,850.00,850.00,850.00,2024-02-24,351
Cooling System Maintenance + Install OS = 550 is Free,1,0.00,0.00,0.00,0.00,2024-02-24,351
Fix Charging Circuit And Re Programming Bios,1,650.00,650.00,650.00,650.00,2023-11-28,50
Fix Main Fan (Soldring And Fix RPM),1,350.00,350.00,350.00,350.00,2024-06-14,581
Cooling System Maintenance Pro (Coolier Master + Thermal Grezel,1,850.00,850.00,850.00,850.00,2024-06-14,581
Fix Key Free,1,0.00,0.00,0.00,0.00,2024-06-14,581
Change Ram 8G to 16G,1,750.00,750.00,750.00,750.00,2024-06-14,581
Installing a 1 TB hard drive,1,3200.00,3200.00,3200.00,3200.00,2024-06-22,582
Change New antenna,1,400.00,400.00,400.00,400.00,2024-06-23,584
Change New Thermal Bad to CPU And GPU Coil Only,1,300.00,300.00,300.00,300.00,2024-06-13,579
Change To SSD 1T Macron H100%,1,3300.00,3300.00,3300.00,3300.00,2024-06-26,588
Assambli And Install Windows + Basic Programs + Orignal Drivers Free,1,0.00,0.00,0.00,0.00,2024-06-26,588
Install Windows + Basic Programs + Orignal Drivers + New Cady,1,300.00,300.00,300.00,300.00,2024-06-10,572
Change New Screen 15.6 FHD,1,2800.00,2800.00,2800.00,2800.00,2024-06-26,591
Add SSD 1T,1,3000.00,3000.00,3000.00,3000.00,2024-06-26,591
Change New battery,1,1750.00,1750.00,1750.00,1750.00,2024-06-26,591
Change New ssd,1,1650.00,1650.00,1650.00,1650.00,2024-06-26,589
Change New RAM,1,350.00,350.00,350.00,350.00,2024-06-26,589
Modify bass settings,1,650.00,650.00,650.00,650.00,2024-06-25,587
Cooling System,1,750.00,750.00,750.00,750.00,2024-06-28,592
Hinges repair,1,650.00,650.00,650.00,650.00,2024-06-28,592
hard,1,1550.00,1550.00,1550.00,1550.00,2024-06-29,594
Reset PCH,1,350.00,350.00,350.00,350.00,2024-07-01,600
كسر ف المفصلات,1,650.00,650.00,650.00,650.00,2024-07-02,603
fix housing,1,850.00,850.00,850.00,850.00,2024-07-07,606
Change New Screen 15.6 HD Led (Orignal Quilty),1,1650.00,1650.00,1650.00,1650.00,2024-07-07,607
Windows 11 Pro SerialNumber,1,450.00,450.00,450.00,450.00,2024-07-08,609
"Change New Screen 12.5"" HD",1,1650.00,1650.00,1650.00,1650.00,2024-07-08,610
New Charger 65W High copy,1,390.00,390.00,390.00,390.00,2024-07-07,605
Change batteryChange battery,1,2200.00,2200.00,2200.00,2200.00,2024-07-09,612
Fix Hoing,1,750.00,750.00,750.00,750.00,2024-07-10,614
استبدال USB,1,350.00,350.00,350.00,350.00,2024-07-11,619
- Fix CPU Circuit,1,550.00,550.00,550.00,550.00,2024-07-11,620
- Rebuild & Fix Bios,1,350.00,350.00,350.00,350.00,2024-07-11,620
- Cooling System Maintenance Pro,1,450.00,450.00,450.00,450.00,2024-07-11,620
Change headphones,1,850.00,850.00,850.00,850.00,2024-07-13,621
"Change New Screen 14"" New Orignal Quilty",1,1950.00,1950.00,1950.00,1950.00,2024-07-14,626
Install office 2021 Free,1,0.00,0.00,0.00,0.00,2024-07-14,626
Cooling Systen,1,350.00,350.00,350.00,350.00,2024-07-14,628
512 Hard disk installation,1,2100.00,2100.00,2100.00,2100.00,2024-07-14,629
Change Thermal Bad To SSD,1,750.00,750.00,750.00,750.00,2024-07-15,632
Add SSD i28G +  Assambly + Install Windows + Basic Programs + Orignal Drivers,1,1100.00,1100.00,1100.00,1100.00,2024-07-15,633
New Charger HP 90W,1,390.00,390.00,390.00,390.00,2024-07-16,635
Change New Screen 15.6 FHD Orignal,1,3900.00,3900.00,3900.00,3900.00,2024-07-15,631
Change Hosing AB,1,2500.00,2500.00,2500.00,2500.00,2024-07-15,631
مستره الهاوسنج مجانا بدل من 400 جنيه,1,0.00,0.00,0.00,0.00,2024-07-15,631
New Dell Charger 90W,1,390.00,390.00,390.00,390.00,2024-07-16,636
Change New KB High Copy,1,450.00,450.00,450.00,450.00,2024-07-17,638
Unlock UEFI Password,1,650.00,650.00,650.00,650.00,2024-02-19,325
Change New HD Flat,1,650.00,650.00,650.00,650.00,2024-02-19,325
`,1,50.00,50.00,50.00,50.00,2024-07-14,623
Rebuild Bios & Fix Ram Circuit,1,0.00,0.00,0.00,0.00,2024-06-13,580
Change New SP,1,400.00,400.00,400.00,400.00,2024-02-19,328
Clean SSD & HDD,1,0.00,0.00,0.00,0.00,2024-07-22,641
Fix B Out Sours,1,175.00,175.00,175.00,175.00,2024-07-23,643
Fix Fan Circuit,1,950.00,950.00,950.00,950.00,2024-07-23,644
Mini Cooling System Free,1,0.00,0.00,0.00,0.00,2024-07-23,644
New Battery KM742,1,850.00,850.00,850.00,850.00,2024-07-24,648
Fix Bios And RePrograming,1,1650.00,1650.00,1650.00,1650.00,2024-07-24,650
تغيير سوكت شحن,1,450.00,450.00,450.00,450.00,2024-07-27,653
New Battery High Copy CM03,1,1000.00,1000.00,1000.00,1000.00,2024-07-28,655
Install 3D Max,1,150.00,150.00,150.00,150.00,2024-07-30,666
sketchup,1,100.00,100.00,100.00,100.00,2024-07-30,666
fix Back Light,1,2450.00,2450.00,2450.00,2450.00,2024-07-30,667
تكلفه تركيب هارد,1,2150.00,2150.00,2150.00,2150.00,2024-07-31,670
تكلفه تركيب بطاريه,1,950.00,950.00,950.00,950.00,2024-07-31,670
تكلفه عمل Frame,1,100.00,100.00,100.00,100.00,2024-07-31,670
9 Adobe programs for MacBook at a cost of 175 per program instead of 250 per program,1,1575.00,1575.00,1575.00,1575.00,2024-08-01,671
Change New Speakes,1,1375.00,1375.00,1375.00,1375.00,2024-08-06,677
Add SSD 128G + Assemble + Install Windows + Basic Programs + Orignal Drivers + Cady,1,1100.00,1100.00,1100.00,1100.00,2024-08-07,681
Add SSD 512 M.2 Nvme,1,1950.00,1950.00,1950.00,1950.00,2024-08-06,678
Assembli And Install Windows + Basic Programs + Orignal Drivers,1,250.00,250.00,250.00,250.00,2024-08-06,678
Fix SPI Circuit & ReProgramming Bios,1,1400.00,1400.00,1400.00,1400.00,2024-07-29,662
Fix And ReBuld and ReProgramming Bios,1,650.00,650.00,650.00,650.00,2024-08-04,674
Fix Blue Screen,1,350.00,350.00,350.00,350.00,2024-07-29,663
"From start to finish, we provide you with everything you need: software, all essential applications, and a free backup plan for three devices that costs 850 EGP each.",1,2550.00,2550.00,2550.00,2550.00,2024-08-08,682
Add New RAM 2*16G,1,3000.00,3000.00,3000.00,3000.00,2024-08-08,682
Buy 2 RAM 2*8G,1,-800.00,-800.00,-800.00,-800.00,2024-08-08,682
Fix Bios Parameters,1,350.00,350.00,350.00,350.00,2024-07-29,661
Change New SSD 128G + Install HD + Install Windows + Basic Programs + Orignal Drivers,1,950.00,950.00,950.00,950.00,2024-08-08,684
Add New Battery,1,1100.00,1100.00,1100.00,1100.00,2024-08-08,684
Fix Power Circuit & Reset Bios,1,800.00,800.00,800.00,800.00,2024-08-03,673
Change Orignal Screen Gread A+ (خلع),1,10600.00,10600.00,10600.00,10600.00,2024-08-13,694
fix bios parameters and ReProgramming,1,850.00,850.00,850.00,850.00,2024-08-13,695
Add SSD 128G +Cady + Assembly + Install Windows + Basic Programs + Orignal Drivers,1,1000.00,1000.00,1000.00,1000.00,2024-08-15,697
ٌFix And ReBuld and ReProgramming Bios,1,650.00,650.00,650.00,650.00,2024-08-06,675
fix hasing,1,450.00,450.00,450.00,450.00,2024-08-20,705
Change the original keyboard,1,1700.00,1700.00,1700.00,1700.00,2024-08-23,711
Change New Flat Screen,1,950.00,950.00,950.00,950.00,2024-08-25,716
Removing traces of liquid and repairing the resulting damage to the power circuit and reProgramming the BIOS,1,3650.00,3650.00,3650.00,3650.00,2024-08-10,687
Change New Keybard (Orignal),1,1250.00,1250.00,1250.00,1250.00,2024-08-24,714
Change Battery Socket,1,1000.00,1000.00,1000.00,1000.00,2024-08-24,714
Fix Liquid Damage And Cooling System,1,850.00,850.00,850.00,850.00,2024-08-24,714
Add SSD 128G & Install Os,1,1100.00,1100.00,1100.00,1100.00,2024-08-27,717
شاحن هاي كوبي,1,600.00,600.00,600.00,600.00,2024-08-31,720
Change New Screen 15.6 144HZ,1,4500.00,4500.00,4500.00,4500.00,2024-09-01,724
Change New ThermalPad,1,950.00,950.00,950.00,950.00,2024-09-03,726
Add New SSD +Install Windows + Basic Programs + Orignal Drivers,1,1350.00,1350.00,1350.00,1350.00,2024-09-03,725
Adobi XD,1,75.00,75.00,75.00,75.00,2024-09-03,725
Adobi PS,1,0.00,0.00,0.00,0.00,2024-09-03,725
Fix Liquid Damige,1,1150.00,1150.00,1150.00,1150.00,2024-09-01,722
New Keyboard,1,750.00,750.00,750.00,750.00,2024-09-01,722
fix Processor,1,650.00,650.00,650.00,650.00,2024-08-17,698
screen,1,2950.00,2950.00,2950.00,2950.00,2024-09-07,731
فلاته شاشه,1,200.00,200.00,200.00,200.00,2024-09-07,732
SSD 512G + Install OS,1,2300.00,2300.00,2300.00,2300.00,2024-09-08,734
Change Hosing A,1,1500.00,1500.00,1500.00,1500.00,2024-09-12,742
Fix Touch Pad,1,350.00,350.00,350.00,350.00,2024-09-12,743
Change New Screen 15.6 FHD (Orignal Quilty),1,2800.00,2800.00,2800.00,2800.00,2024-09-12,744
Fix Power Circuit & Fix and Reprogramming Bios,1,3150.00,3150.00,3150.00,3150.00,2024-09-12,747
Add New SSD 256G + Install Windows + Basic Programs + Orignal Drivers,1,1500.00,1500.00,1500.00,1500.00,2024-09-14,748
Add SSD 1T + Install Windows + Basic Programs + Orignal Drivers + Cady,1,3800.00,3800.00,3800.00,3800.00,2024-09-14,749
Add RAM 8G 2666HZ,1,850.00,850.00,850.00,850.00,2024-09-14,749
Fix Power Circuit (Short Circuit in USB Controller),1,750.00,750.00,750.00,750.00,2024-09-12,741
Add SSD 128G Nvme + Install Windows + Basic Programs + Orignal Drivers,1,1100.00,1100.00,1100.00,1100.00,2024-09-17,756
Add SSD 128 + Install Windows + Basic Programs + Orignal Drivers,1,950.00,950.00,950.00,950.00,2024-09-17,755
RAM 4G,1,350.00,350.00,350.00,350.00,2024-09-17,755
Add SSD 128G + Install HD + Install Windows + Basic Programs + Orignal Drivers + Xady,1,1100.00,1100.00,1100.00,1100.00,2024-09-17,757
New SATA Flat,1,400.00,400.00,400.00,400.00,2024-09-17,757
Install Windows + Basic Programs + Orignal Drivers (Free),1,0.00,0.00,0.00,0.00,2024-09-01,723
TOSHIBA T-2323P,1,1800.00,1800.00,1800.00,1800.00,2024-09-18,759
Add SSD 512 + Install Windows + Basic Programs + Orignal Drivers,1,2250.00,2250.00,2250.00,2250.00,2024-09-19,763
Add 2 Ram total 8G 2x4G,1,780.00,780.00,780.00,780.00,2024-09-24,778
قيمه الخصم,1,-30.00,-30.00,-30.00,-30.00,2024-09-24,778
Fix Hosing A,1,550.00,550.00,550.00,550.00,2024-09-23,775
Hard repair,1,490.00,490.00,490.00,490.00,2024-09-23,772
Change components,1,650.00,650.00,650.00,650.00,2024-09-23,772
Graphics card repair,1,650.00,650.00,650.00,650.00,2024-09-23,772
TONER CARTRIDGE A12,1,275.00,275.00,275.00,275.00,2024-10-02,792
128G SSD + Install HD + Install Windows + Basic Programs + Orignal Drivers,1,1100.00,1100.00,1100.00,1100.00,2024-09-28,786
Add SSD + Install HD + Install Windows + Basic Programs + Orignal Drivers,1,1100.00,1100.00,1100.00,1100.00,2024-09-17,754
FixHosing,1,350.00,350.00,350.00,350.00,2024-09-17,754
Ram 4G,1,390.00,390.00,390.00,390.00,2024-09-17,754
Battery,1,0.00,0.00,0.00,0.00,2024-09-17,754
Ram4,1,300.00,300.00,300.00,300.00,2024-09-22,769
Add hard,1,1000.00,1000.00,1000.00,1000.00,2024-09-22,769
Add battery,1,850.00,850.00,850.00,850.00,2024-09-22,769
SSD 256G + Install HD + Install Windows + Basic Programs + Orignal Drivers,1,1550.00,1550.00,1550.00,1550.00,2024-10-08,798
Fix & RePrograming Bios,1,850.00,850.00,850.00,850.00,2024-10-06,795
Change New HDD Flat,1,0.00,0.00,0.00,0.00,2024-10-06,795
Cooling System Maintenance Ultra (Laapak Warranty) Free,1,0.00,0.00,0.00,0.00,2024-10-06,795
Stickers Free,1,0.00,0.00,0.00,0.00,2024-10-06,795
Fix Bios & ReProgramming,1,850.00,850.00,850.00,850.00,2024-09-30,791
Cooling System Maintenance Gamming,1,850.00,850.00,850.00,850.00,2024-10-16,809
HHD 1T + USB 3 Rack,1,1700.00,1700.00,1700.00,1700.00,2024-10-16,809
Change Power Socket High Quilty,1,550.00,550.00,550.00,550.00,2024-10-16,808
فكس مازر بورد,1,450.00,450.00,450.00,450.00,2024-10-08,797
ssd128 Install software + All Programs and All Orignal Drivers,1,1100.00,1100.00,1100.00,1100.00,2024-10-24,822
add ssd,1,1000.00,1000.00,1000.00,1000.00,2024-10-24,823
شاحن  اورجينال,1,800.00,800.00,800.00,800.00,2024-10-24,823
Change New Hosing AB,1,950.00,950.00,950.00,950.00,2024-10-26,826
New Charger 90W High Copy,1,390.00,390.00,390.00,390.00,2024-10-26,826
Add SSD 128G + Install OS + Install Windows + Basic Programs + Orignal Drivers,1,950.00,950.00,950.00,950.00,2024-10-26,827
Change New RTC Battery (Free),1,0.00,0.00,0.00,0.00,2024-10-22,820
Edit Bios Settings & Install OS +...,1,350.00,350.00,350.00,350.00,2024-10-17,810
Fix Hosing A-C + H,1,750.00,750.00,750.00,750.00,2024-10-27,828
شاشه,1,1700.00,1700.00,1700.00,1700.00,2024-10-28,830
ADD SSD 128G - Install Windows + Basic Programs + Orignal Drivers,1,1000.00,1000.00,1000.00,1000.00,2024-10-28,831
Add New Battery High Copy,1,850.00,850.00,850.00,850.00,2024-10-28,831
Fix SW Circuit,1,750.00,750.00,750.00,750.00,2024-10-25,825
Speaker,1,650.00,650.00,650.00,650.00,2024-10-22,817
Fix Bios Circuit & Rebuild,1,650.00,650.00,650.00,650.00,2024-10-17,811
add ssd 256,1,1500.00,1500.00,1500.00,1500.00,2024-10-30,834
Fixing problems caused by liquid spillage,1,1250.00,1250.00,1250.00,1250.00,2024-10-08,800
Change New KB BackLight,1,2150.00,2150.00,2150.00,2150.00,2024-10-08,800
Fix Power Issue (Chirging Circuit),1,1850.00,1850.00,1850.00,1850.00,2024-10-30,838
اصلاح فان,1,250.00,250.00,250.00,250.00,2024-11-05,843
Change Ram to 8G,1,750.00,750.00,750.00,750.00,2024-11-05,844
Add SSD 1T+ Install HD + Install Windows + Basic Programs + Orignal Drivers,1,3650.00,3650.00,3650.00,3650.00,2024-11-05,844
ssd 128,1,950.00,950.00,950.00,950.00,2024-11-06,846
ram 4,1,450.00,450.00,450.00,450.00,2024-11-06,846
Software,1,150.00,150.00,150.00,150.00,2024-11-06,846
Change the 144 Hz screen,1,4650.00,4650.00,4650.00,4650.00,2024-11-07,847
Orignal Power Cable,1,100.00,100.00,100.00,100.00,2024-11-07,848
SSD 128G + Install HD + Install Windows + Basic Programs + Orignal Drivers,1,1100.00,1100.00,1100.00,1100.00,2024-11-10,853
Change  Hosing AB + H,1,1000.00,1000.00,1000.00,1000.00,2024-11-11,855
Mini Cooling System,1,250.00,250.00,250.00,250.00,2024-11-09,851
-ssd 256-Install software + All Programs and All Orignal Drivers,1,1550.00,1550.00,1550.00,1550.00,2024-11-13,860
Add RAM 8G PC4,1,850.00,850.00,850.00,850.00,2024-11-14,861
Change New Screen 14 HD,1,2100.00,2100.00,2100.00,2100.00,2024-11-19,866
RTC Reset + Normal Clean,1,350.00,350.00,350.00,350.00,2024-11-20,867
Fix RAM Circuit & Fix Lequid Damige,1,1100.00,1100.00,1100.00,1100.00,2024-11-18,864
Fix Lequid Damige & Fix Power Circuit,1,1850.00,1850.00,1850.00,1850.00,2024-11-09,849
Fix Boot Guard,1,850.00,850.00,850.00,850.00,2024-10-28,832
Power Soket,1,550.00,550.00,550.00,550.00,2024-11-27,874
win + ssd256,1,1200.00,1200.00,1200.00,1200.00,2024-11-27,874
Charger,1,390.00,390.00,390.00,390.00,2024-11-27,874
Convert Dis to UMA & Fix Power Circuit,1,1100.00,1100.00,1100.00,1100.00,2024-11-23,870
Add SSD 256 Nvme + Instll Windows + Orignal Drivers and Basic Programs,1,1250.00,1250.00,1250.00,1250.00,2024-11-23,870
Repairing damage caused by liquid spillage and replacing damaged components,1,2350.00,2350.00,2350.00,2350.00,2024-09-05,729
External hard disk 1Tb HBV2GE,1,1600.00,1600.00,1600.00,1600.00,2024-11-30,880
External hard disk 1Tb  PPV7T,1,1600.00,1600.00,1600.00,1600.00,2024-11-30,880
Fix PSID Circuit,1,650.00,650.00,650.00,650.00,2024-11-30,879
Fix Power Circuit $ Change IO Controller,1,1050.00,1050.00,1050.00,1050.00,2024-11-19,865
Change HP Zbook G3 Orignal Battery,1,1950.00,1950.00,1950.00,1950.00,2024-12-01,882
Orignal Dell Charger,1,1350.00,1350.00,1350.00,1350.00,2024-12-01,882
Lenovo Ideapad ruler Color Gold,1,500.00,500.00,500.00,500.00,2024-12-01,882
Install Windows + Basic Programs + Orignal Drivers Free,1,0.00,0.00,0.00,0.00,2024-12-01,882
Change Battery For HP 650 G2,1,1150.00,1150.00,1150.00,1150.00,2024-12-01,883
Change Battery For HP 840 G4,1,1150.00,1150.00,1150.00,1150.00,2024-12-01,883
Change Battery For HP G62,1,1150.00,1150.00,1150.00,1150.00,2024-12-01,883
ADD New RTC Battery,1,150.00,150.00,150.00,150.00,2024-12-01,883
Back,1,450.00,450.00,450.00,450.00,2024-12-04,884
Wireless mouse,1,230.00,230.00,230.00,230.00,2024-12-04,884
اصلاح المفصلات ولحام سوكت الباور,1,700.00,700.00,700.00,700.00,2024-12-04,885
Fix And RePrograming Bios & Fix Data Signal,1,3350.00,3350.00,3350.00,3350.00,2024-11-28,875
Parts,1,1170.00,1170.00,1170.00,1170.00,2024-11-28,875
Screen Laptop,1,800.00,800.00,800.00,800.00,2024-11-28,875
New Flash Disk 64G OTG,1,425.00,425.00,425.00,425.00,2024-11-28,875
جهاز 5 ميجا 8 مخرج,1,1750.00,1750.00,1750.00,1750.00,2024-12-05,891
كاميرا 5 ميجا عدد 5*700,1,3500.00,3500.00,3500.00,3500.00,2024-12-05,891
لفه كابلات,1,1000.00,1000.00,1000.00,1000.00,2024-12-05,891
هارد 1T,1,1300.00,1300.00,1300.00,1300.00,2024-12-05,891
بواط 10*10,1,200.00,200.00,200.00,200.00,2024-12-05,891
كونكتور 10*16,1,160.00,160.00,160.00,160.00,2024-12-05,891
Cooling System Maintenance & Fix Power Issue - Reset,1,950.00,950.00,950.00,950.00,2024-12-04,888
Subscribe 3 Autodesk accounts,1,1500.00,1500.00,1500.00,1500.00,2024-12-07,892
Maintenance visit,1,650.00,650.00,650.00,650.00,2024-12-07,892
New Orignal Battery,1,3650.00,3650.00,3650.00,3650.00,2024-12-08,897
ADD 1T HDD,1,1550.00,1550.00,1550.00,1550.00,2024-12-08,897
FUll Test 2 Devise,1,150.00,150.00,150.00,150.00,2024-11-25,872
Fix Power Circuit And Change Damaged components,1,1150.00,1150.00,1150.00,1150.00,2024-12-08,896
Rebuild Bios & RePrograming,1,850.00,850.00,850.00,850.00,2024-12-10,902
10% Discount,1,-85.00,-85.00,-85.00,-85.00,2024-12-10,902
Fix and re Programming Bios,1,650.00,650.00,650.00,650.00,2024-12-10,903
Change Mini Board,1,550.00,550.00,550.00,550.00,2024-11-27,873
Change New IO,1,750.00,750.00,750.00,750.00,2024-11-27,873
Fix Power SW Circuit Issues,1,650.00,650.00,650.00,650.00,2024-11-27,873
Fix RunPower Circuit,1,1100.00,1100.00,1100.00,1100.00,2024-11-30,877
Fix Bios and re Programming,1,750.00,750.00,750.00,750.00,2024-11-24,871
Deactivate Vega,1,450.00,450.00,450.00,450.00,2024-11-24,871
Resit,1,0.00,0.00,0.00,0.00,2024-12-18,908
First visit,1,650.00,650.00,650.00,650.00,2024-12-07,893
Second visit,1,1950.00,1950.00,1950.00,1950.00,2024-12-07,893
Fix Hosing H Right,1,550.00,550.00,550.00,550.00,2024-12-21,911
23% discount on periodic maintenance,1,-200.00,-200.00,-200.00,-200.00,2024-12-14,906
Change Power Socket High Qyilty,1,850.00,850.00,850.00,850.00,2024-12-21,910
Add RAM 4G PC3,1,390.00,390.00,390.00,390.00,2024-12-24,918
Change 2 USB To Latitude 5580,1,700.00,700.00,700.00,700.00,2024-12-26,923
Fix Slow Post Precision 7550,1,450.00,450.00,450.00,450.00,2024-12-26,923
Fix Power System Circuit For 5470,1,550.00,550.00,550.00,550.00,2024-12-26,923
Fix Chirging Circuit For Zbook G3,1,650.00,650.00,650.00,650.00,2024-12-26,923
Cooling System Maintenance Pro + Clean Lequid Damige,1,1100.00,1100.00,1100.00,1100.00,2024-12-28,924
Fix Power Issue Compensate for important signals for io,1,1650.00,1650.00,1650.00,1650.00,2024-12-15,907
Cooling System Maintenancضe,1,650.00,650.00,650.00,650.00,2024-12-15,907
Descount 20% on Cooling System,1,-130.00,-130.00,-130.00,-130.00,2024-12-15,907
Fix Lequid Damige + Fix Touchpad Circuit,1,850.00,850.00,850.00,850.00,2024-12-21,914
t-2323,1,1800.00,1800.00,1800.00,1800.00,2025-01-01,932
5 Mouse Orignal,1,500.00,500.00,500.00,500.00,2025-01-07,937
New Type C Charger,1,850.00,850.00,850.00,850.00,2025-01-07,937
Planted a new pin for the RAM port,1,750.00,750.00,750.00,750.00,2025-01-05,934
add ssd 256 + Install HD + Install Windows + Basic Programs + Orignal Drivers,1,1350.00,1350.00,1350.00,1350.00,2025-01-09,948
The rest of the laptop account,1,1600.00,1600.00,1600.00,1600.00,2025-01-09,948
Fix Power Issue + (Fix Mini Board Diversion and fix flat),1,1850.00,1850.00,1850.00,1850.00,2025-01-06,936
Cooling System Maintenance For Legion 5,1,350.00,350.00,350.00,350.00,2025-01-04,933
Change Nwe Battery,1,1350.00,1350.00,1350.00,1350.00,2025-01-07,944
Screw set,1,150.00,150.00,150.00,150.00,2025-01-07,944
Fix Power And Charging Circuit,1,2200.00,2200.00,2200.00,2200.00,2024-12-30,930
شاحن hp 65w,1,450.00,450.00,450.00,450.00,2025-01-16,954
اصلاح دايره الشحن,1,750.00,750.00,750.00,750.00,2025-01-18,957
ADD SSD 256G NVME + Install HD + Install Windows + Basic Programs + Orignal Drivers,1,1450.00,1450.00,1450.00,1450.00,2025-01-19,959
High Copy Battery,1,1350.00,1350.00,1350.00,1350.00,2025-01-19,959
Install 6 Adobe programs ×75,1,450.00,450.00,450.00,450.00,2025-01-19,960
Install 3 autodisk programs ×75,1,225.00,225.00,225.00,225.00,2025-01-19,960
Activate two accounts on Autodesk × 550 Per one Year,1,1100.00,1100.00,1100.00,1100.00,2025-01-19,960
Keyshot,1,150.00,150.00,150.00,150.00,2025-01-19,960
Rhino,1,150.00,150.00,150.00,150.00,2025-01-19,960
Install Fusion 360,1,50.00,50.00,50.00,50.00,2025-01-19,960
HDD 1TB SN:WXL1AC5KEK48,1,1350.00,1350.00,1350.00,1350.00,2025-01-19,961
Fix Power Circuit & Charging Circuit,1,1750.00,1750.00,1750.00,1750.00,2025-01-07,942
hdd 500,1,600.00,600.00,600.00,600.00,2025-01-20,963
rak,1,150.00,150.00,150.00,150.00,2025-01-20,963
Rebtograming Bios And Rebuild,1,2100.00,2100.00,2100.00,2100.00,2025-01-19,958
hp T.C Charger High Copy,1,850.00,850.00,850.00,850.00,2025-01-22,970
شاشه FHD 144,1,3750.00,3750.00,3750.00,3750.00,2025-01-23,973
ssd128,1,950.00,950.00,950.00,950.00,2025-01-27,975
ram8,1,850.00,850.00,850.00,850.00,2025-01-27,975
battre,1,950.00,950.00,950.00,950.00,2025-01-27,976
144HZ Change New Screen 15.6 Led,1,3950.00,3950.00,3950.00,3950.00,2025-01-28,982
Coolig System Pro,1,550.00,550.00,550.00,550.00,2025-02-02,987
Fix Ram Circuit & ReSoldring Ram Socket,1,1250.00,1250.00,1250.00,1250.00,2025-01-27,977
Desible Internal RAM + Install Windows + Basic Programs + Orignal Drivers,1,1450.00,1450.00,1450.00,1450.00,2025-01-05,935
Orignal Lenovo Ideabad Charger 65W,1,850.00,850.00,850.00,850.00,2025-02-05,993
شاحن dell هاي كوبي,1,390.00,390.00,390.00,390.00,2025-02-05,997
Fix Power Issue And Change RTC Battery,1,925.00,925.00,925.00,925.00,2025-02-04,991
Install Windows All + Cady + instlathin,1,350.00,350.00,350.00,350.00,2025-02-10,1008
Cooling System Maintenance Gamming Pro,1,1200.00,1200.00,1200.00,1200.00,2025-02-10,1006
ADD SSD 128G + Cady + Install HD + Install Windows + Basic Programs + Orignal Drivers,1,900.00,900.00,900.00,900.00,2025-02-11,1010
Add RAM 8G DDR4,1,750.00,750.00,750.00,750.00,2025-02-11,1010
ويندوز,1,150.00,150.00,150.00,150.00,2025-02-09,1002
Fix Power Issue Fix RTC Circuit Conflict,1,1150.00,1150.00,1150.00,1150.00,2025-02-02,989
Fix Hosing CD,1,850.00,850.00,850.00,850.00,2025-02-06,1000
خصم من تكلفه الهاوسنج,1,-100.00,-100.00,-100.00,-100.00,2025-02-06,1000
تغير بطاريه,1,2150.00,2150.00,2150.00,2150.00,2025-02-13,1012
تركيب Ssd,1,1150.00,1150.00,1150.00,1150.00,2025-02-20,1020
HDD 500,1,550.00,550.00,550.00,550.00,2025-02-24,1026
Instal HD + Install software + All Programs and All Orignal Drivers,1,200.00,200.00,200.00,200.00,2025-02-24,1026
اصلاح المفصلات,1,550.00,550.00,550.00,550.00,2025-02-22,1021
Change IO And Fix Pin ID Circuit,1,1750.00,1750.00,1750.00,1750.00,2025-01-11,950
بطاريه hp 840 g3,1,950.00,950.00,950.00,950.00,2025-02-26,1045
Install software + All Programs and All Orignal,1,1150.00,1150.00,1150.00,1150.00,2025-02-23,1025
Visit on 16-1-2025,1,750.00,750.00,750.00,750.00,2025-03-02,1049
Visit on 29-1-2025,1,1350.00,1350.00,1350.00,1350.00,2025-03-02,1049
Renew landline internet subscription 29-1-2025,1,85.00,85.00,85.00,85.00,2025-03-02,1049
Visit on 6-2-2025,1,650.00,650.00,650.00,650.00,2025-03-02,1049
M.2 260 - تنزيل ويندوز,1,1350.00,1350.00,1350.00,1350.00,2025-03-10,1063
Fix Backlight Circuit,1,950.00,950.00,950.00,950.00,2025-02-25,1043
صيانه دويه,1,550.00,550.00,550.00,550.00,2025-02-25,1043
New Charger 65W,1,390.00,390.00,390.00,390.00,2025-03-06,1056
Fix RTC And Change Battery,1,200.00,200.00,200.00,200.00,2025-03-06,1056
Change Bios IC And RePrograming,1,950.00,950.00,950.00,950.00,2025-03-11,1065
-SSD128Install software + All Programs and All Orignal Drivers,1,1100.00,1100.00,1100.00,1100.00,2025-03-06,1055
RTC,1,200.00,200.00,200.00,200.00,2025-03-06,1055
شاحن,1,390.00,390.00,390.00,390.00,2025-03-06,1055
Reset Bios and PCH Connections,1,350.00,350.00,350.00,350.00,2025-03-12,1066
ADD SSD 128G + Install HD + Install Windows + Basic Programs + Orignal Drivers,1,1100.00,1100.00,1100.00,1100.00,2025-03-15,1071
ADD Ram 4G,1,425.00,425.00,425.00,425.00,2025-03-15,1071
Fix Power SW Circuit + Change Switch + Cover,1,650.00,650.00,650.00,650.00,2025-03-06,1057
بطاريه hp,1,1150.00,1150.00,1150.00,1150.00,2025-03-18,1073
هارد 8 tb purple,1,7900.00,7900.00,7900.00,7900.00,2025-03-19,1074
Removing traces of liquid and fixing the problems resulting from it,1,1250.00,1250.00,1250.00,1250.00,2025-03-24,1077
Fix Power Issue (Charging and Power Circuit),1,2275.00,2275.00,2275.00,2275.00,2025-03-08,1061
تم تغيير الهارد بهد تاني,1,0.00,0.00,0.00,0.00,2025-03-24,1076
تم اعاده لحام سوكت البكاريه و اعاده لحام وتعويض التراكات المتضرره,1,250.00,250.00,250.00,250.00,2025-03-19,1075
Fix Screen Issue,1,850.00,850.00,850.00,850.00,2025-03-15,1070
3tb purple,1,2850.00,2850.00,2850.00,2850.00,2025-03-27,1078
تغير كيبورد,1,800.00,800.00,800.00,800.00,2025-03-27,1079
Change New Power Socket High Quilty,1,450.00,450.00,450.00,450.00,2025-03-27,1080
New Charger Dell New Pin 65W,1,390.00,390.00,390.00,390.00,2025-03-27,1080
Fix Power Old Power Socket,1,0.00,0.00,0.00,0.00,2025-03-27,1080
Fix TP For HP 840 G5,1,0.00,0.00,0.00,0.00,2025-03-27,1080
Fix Sockets Broken,1,300.00,300.00,300.00,300.00,2024-11-30,876
Change New Keyboard For ZBook 15 G3,1,1000.00,1000.00,1000.00,1000.00,2025-03-28,1082
Change New Keyboard For Lenovo Ideabad 520,1,1200.00,1200.00,1200.00,1200.00,2025-03-28,1082
-128 ssdInstall software + All Programs and All Orignal Drivers,1,1150.00,1150.00,1150.00,1150.00,2025-03-29,1083
Fix Hosing (Lift),1,1450.00,1450.00,1450.00,1450.00,2025-03-30,1084
Chaange Full Hosing,1,4650.00,4650.00,4650.00,4650.00,2025-04-07,1088
Fix RAM Circuit + RePrograming Bios,1,1450.00,1450.00,1450.00,1450.00,2025-04-14,1090
Fix Power System Curcuit (5v),1,1200.00,1200.00,1200.00,1200.00,2025-04-07,1087
كيبورد 650 g3,1,400.00,400.00,400.00,400.00,2025-04-28,1100
RAM 8G,1,775.00,775.00,775.00,775.00,2025-05-05,1111
Lenovo | Change USB Socket,1,350.00,350.00,350.00,350.00,2025-05-05,1112
Dell Precision 7530 | No Power – Fix Power System Circuit + Reprogram BIOS,1,850.00,850.00,850.00,850.00,2025-05-05,1112
Dell Precision 5520 Fix Unon Charger 3 Laptop,1,1200.00,1200.00,1200.00,1200.00,2025-05-05,1112
Dell Precision 7530 | Unlock BIOS Password ×2,1,1300.00,1300.00,1300.00,1300.00,2025-05-05,1112
Dell G15 | Sound | Change Sound IC,1,750.00,750.00,750.00,750.00,2025-05-05,1112
Dell Latitude 5480 | Fix Cam & USB,1,350.00,350.00,350.00,350.00,2025-05-05,1112
HP Probook 650 G2 | Unlock Bios Password  2 Laptops,1,700.00,700.00,700.00,700.00,2025-05-05,1112
4 Laptop Elitebook 1030 G3 (Ahmed Fawzy) | Fix Screen Spot,1,0.00,0.00,0.00,0.00,2025-05-05,1112
HP Zbook G5 | No Sound And No Power | Change 2 IC BIOS Chip + Reprograming,1,1100.00,1100.00,1100.00,1100.00,2025-05-05,1112
1800,1,0.00,0.00,0.00,0.00,2025-05-03,1103
550,1,0.00,0.00,0.00,0.00,2025-05-03,1103
ReProgrraming Bios,1,450.00,450.00,450.00,450.00,2025-05-08,1114
Channge Hings + Hings Cover,1,925.00,925.00,925.00,925.00,2025-05-05,1108
Free Screw Set,1,0.00,0.00,0.00,0.00,2025-05-05,1106
Install New RTC Battery,1,1350.00,1350.00,1350.00,1350.00,2025-05-04,1105
Add New Main Battery + Flat Cable,1,150.00,150.00,150.00,150.00,2025-05-04,1105
Install Drivers & Basic Programs,1,0.00,0.00,0.00,0.00,2025-05-04,1105
Install New SSD 256GB + Install Windows + Drivers & Basic Programs,1,1200.00,1200.00,1200.00,1200.00,2025-05-04,1104
تغيير فان P1,1,1850.00,1850.00,1850.00,1850.00,2025-05-11,1121
Change 16GB DDR4 2666 Ram,1,800.00,800.00,800.00,800.00,2025-05-12,1122
T-2323P,1,1800.00,1800.00,1800.00,1800.00,2025-05-13,1123
Replace the main battery with a new one,1,2100.00,2100.00,2100.00,2100.00,2025-05-09,1116
ADD New Bios IC + Programing,1,475.00,475.00,475.00,475.00,2025-05-11,1119
Remove traces of liquid and replace damaged components.,1,200.00,200.00,200.00,200.00,2025-05-11,1119
Fix USB Circuit,1,150.00,150.00,150.00,150.00,2025-05-11,1118
The BIOS was adjusted to match the affected section of the processor,1,350.00,350.00,350.00,350.00,2025-05-05,1107
Change SSD Socket,1,850.00,850.00,850.00,850.00,2025-05-08,1115
Change Wifi Card,1,350.00,350.00,350.00,350.00,2025-05-18,1125
Rebuild Bios And Reprograming,1,1200.00,1200.00,1200.00,1200.00,2025-05-21,1129
Change Motherboard i5-6th,1,3750.00,3750.00,3750.00,3750.00,2025-05-23,1131
Fix Issue,1,450.00,450.00,450.00,450.00,2025-05-31,1135
Fix Charging and SW Circuit,1,650.00,650.00,650.00,650.00,2025-05-31,1139
Visit on 27-5-2025,1,750.00,750.00,750.00,750.00,2025-05-31,1140
Dell Latitude 5530 Unlock ACC Secuirty 3*750,1,2250.00,2250.00,2250.00,2250.00,2025-05-31,1143
Fix Acer Power Socket,1,150.00,150.00,150.00,150.00,2025-05-31,1143
Change New Screen 14 insh,1,2100.00,2100.00,2100.00,2100.00,2025-05-31,1144
Fix Power Issue + Change Power Socket),1,1450.00,1450.00,1450.00,1450.00,2025-06-01,1145
Removing traces of liquid,1,0.00,0.00,0.00,0.00,2025-06-02,1146
Replace motherboard i5-10th gen,1,8500.00,8500.00,8500.00,8500.00,2025-04-09,1089
External Rack USB 3 T.C,1,150.00,150.00,150.00,150.00,2025-06-02,1147
Discount 30% to Cooling System,1,-105.00,-105.00,-105.00,-105.00,2025-06-02,1147
Discount on the total invoice for Eng Mohamed,1,-530.00,-530.00,-530.00,-530.00,2025-06-02,1147
Fix Firmware Issue,1,1100.00,1100.00,1100.00,1100.00,2025-06-02,1148
Change New Keyboard (First High Copy),1,1450.00,1450.00,1450.00,1450.00,2025-06-04,1150
Precision 5540 Not Charge (Fix Charging Circuit),1,450.00,450.00,450.00,450.00,2025-06-04,1152
Precision 5540 Not Charge (Chinge Socket From No Power),1,0.00,0.00,0.00,0.00,2025-06-04,1152
Precision 5540 No Power,1,0.00,0.00,0.00,0.00,2025-06-04,1152
(33YHD Battery (FHC,1,1650.00,1650.00,1650.00,1650.00,2025-06-10,1153
Change New Fan Dell Inspiron 5558,1,550.00,550.00,550.00,550.00,2025-06-11,1156
Autodesk Account Activation 3 Years,1,1200.00,1200.00,1200.00,1200.00,2025-06-12,1157
Install 2 Adobe programs + Rhino,1,300.00,300.00,300.00,300.00,2025-06-12,1157
"Activation of Corona, in Ray,",1,100.00,100.00,100.00,100.00,2025-06-12,1157
Change Charger Power Cable 130W,1,200.00,200.00,200.00,200.00,2025-06-12,1159
Upgread Ram + SSD Free,1,0.00,0.00,0.00,0.00,2025-06-12,1159
Add SSD 256G Nvme + Install HD + Install Windows + Basic Programs + Orignal Drivers,1,1250.00,1250.00,1250.00,1250.00,2025-06-12,1160
Edite Bios Architectural and reprogramming,1,850.00,850.00,850.00,850.00,2025-06-11,1155
Add RAM 2*8 G,1,1450.00,1450.00,1450.00,1450.00,2025-06-16,1161
Repaired the broken housing by soldering as much as possible.,1,150.00,150.00,150.00,150.00,2025-06-17,1166
Fix Clicks Free,1,0.00,0.00,0.00,0.00,2025-06-17,1166
Fix Bios And Add DMI,1,650.00,650.00,650.00,650.00,2025-06-16,1162
تكاليف فحص وشغل ورفض العميل بعد انهاء العمل,1,500.00,500.00,500.00,500.00,2025-06-21,1168
تم اصلاح الضرر الناتج عن تجريح المفك من تراكات مقطوعه و تعويض المكونات - استبدال المكونات التالفه فدائره العرض,1,2150.00,2150.00,2150.00,2150.00,2025-06-28,1174
اصلاح دائه الUSB واستبدال المكونات التالفه,1,450.00,450.00,450.00,450.00,2025-06-28,1175
Fix Bios And Reprogrming,1,450.00,450.00,450.00,450.00,2025-06-28,1176
Change Hosang (A-B) + Fix Hings,1,950.00,950.00,950.00,950.00,2025-06-17,1164
Repaired T.C circuit to fix short circuit issue and RAM circuit to resolve no display problem.,1,2650.00,2650.00,2650.00,2650.00,2025-06-30,1179
Light Cooling System,1,350.00,350.00,350.00,350.00,2025-06-30,1179
اصلاح مفصلات,1,750.00,750.00,750.00,750.00,2025-07-02,1180
كادييي,1,100.00,100.00,100.00,100.00,2025-07-02,1180
Fix Charging Circuit + Replacement of damaged components,1,1650.00,1650.00,1650.00,1650.00,2025-06-27,1173
discount,1,-250.00,-250.00,-250.00,-250.00,2025-06-27,1173
Diagnosed and resolved data issue by repairing and reprogramming the BIOS.,1,1350.00,1350.00,1350.00,1350.00,2025-06-26,1172
Fixed short circuit in motherboard and repaired charging circuit.,1,1350.00,1350.00,1350.00,1350.00,2025-07-06,1182
Change New Charger High Copy,1,450.00,450.00,450.00,450.00,2025-07-07,1183
Change Matherboard i5-6th,1,4500.00,4500.00,4500.00,4500.00,2025-07-13,1187
Fix Boot Issue,1,200.00,200.00,200.00,200.00,2025-07-13,1188
Change Orignal New Battery,1,1750.00,1750.00,1750.00,1750.00,2025-07-13,1192
Charger High Copy,1,400.00,400.00,400.00,400.00,2025-07-14,1193
Discount 20%,1,-130.00,-130.00,-130.00,-130.00,2025-07-19,1198
Change Keyboard Orignal,1,1250.00,1250.00,1250.00,1250.00,2025-07-20,1201
Fix SW Circuit + Charging Circuit,1,2350.00,2350.00,2350.00,2350.00,2025-06-29,1178
Fix Battery Out Source,1,550.00,550.00,550.00,550.00,2025-06-29,1178
Full Chack,1,150.00,150.00,150.00,150.00,2025-07-22,1204
Change New Screen (Orignal),1,3200.00,3200.00,3200.00,3200.00,2025-07-23,1212
Fix Full Hosing (L-R),1,800.00,800.00,800.00,800.00,2025-07-23,1212
Switch Housing (A-B),1,450.00,450.00,450.00,450.00,2025-07-24,1215
20% Discount on regular maintenance service,1,-170.00,-170.00,-170.00,-170.00,2025-07-24,1215
"Removed liquid residue and repaired damaged components, resulting in restoring the two USB ports",1,1150.00,1150.00,1150.00,1150.00,2025-07-24,1216
Fixed power system circuit and reset connection between BIOS and PCH,1,1250.00,1250.00,1250.00,1250.00,2025-07-24,1213
Change New Power Socket + Fix Power Issue (Change IO And Rebrograming),1,3250.00,3250.00,3250.00,3250.00,2025-07-23,1211
Fix Bios And Reprograming Chip,1,650.00,650.00,650.00,650.00,2025-07-28,1222
"Change New Screen 16"" 120HZ",1,6450.00,6450.00,6450.00,6450.00,2025-08-02,1226
Add SSD 128G + Install Windows + Basic Programs + Orignal Drivers + Orignail License,1,1150.00,1150.00,1150.00,1150.00,2025-08-04,1228
Change Ethernat Port,1,650.00,650.00,650.00,650.00,2025-08-05,1232
Dell XPS 13-9360 Buit In Battery,1,1850.00,1850.00,1850.00,1850.00,2025-08-05,1233
Change New Battery For HP 15-DA (HC),1,1250.00,1250.00,1250.00,1250.00,2025-08-06,1238
Fix Bios Issue - ReBuild Orignail Bios and Reprograming,1,750.00,750.00,750.00,750.00,2025-08-05,1235
Fix TB Flat,1,0.00,0.00,0.00,0.00,2025-08-05,1234
Repaired the right hinge by resoldering and rebuilt all screw bases,1,750.00,750.00,750.00,750.00,2025-08-06,1239
Change New Screen FHD 144HZ Orignal Quilty,1,3850.00,3850.00,3850.00,3850.00,2025-08-05,1231
Repaired lifted housing and reinforced hinge support,1,850.00,850.00,850.00,850.00,2025-08-05,1231
Add 128G SSD + Install,1,1150.00,1150.00,1150.00,1150.00,2025-08-05,1236
ACC,1,300.00,300.00,300.00,300.00,2025-08-05,1236
Repaired right housing and reinforced hinge support,1,550.00,550.00,550.00,550.00,2025-08-02,1227
"Repaired the housing damage caused by a fall, including hinge repair and reinforcement of the left-side mounts. Straightened the deformed area of the housing that was preventing proper screen installation",1,650.00,650.00,650.00,650.00,2025-08-07,1242
Change New Keyboard Backliht,1,1850.00,1850.00,1850.00,1850.00,2025-08-07,1243
Repaired the right hinge area of the housing,1,650.00,650.00,650.00,650.00,2025-08-08,1244
Cooling System Maintenance Ultra Thermal Grazly,1,1200.00,1200.00,1200.00,1200.00,2025-08-08,1244
Add SSD 256G + Install Windows + Basic Programs + Orignal Drivers,1,1450.00,1450.00,1450.00,1450.00,2025-08-09,1248
Add 2 Ram 8G,1,1500.00,1500.00,1500.00,1500.00,2025-08-09,1248
Descount,1,-100.00,-100.00,-100.00,-100.00,2025-08-09,1248
Add SSD 128G + Install Windows + Basic Programs + Orignal Drivers,1,1100.00,1100.00,1100.00,1100.00,2025-08-09,1249
Change New Battery Orignal Quilty,1,3350.00,3350.00,3350.00,3350.00,2025-08-09,1246
Cooling System Maintenance Ultra Thermal Grazzly,1,1200.00,1200.00,1200.00,1200.00,2025-08-09,1246
Fixed Manufacturer Mode issue,1,1100.00,1100.00,1100.00,1100.00,2025-08-09,1245
Fixed no data issue - repaired RAM circuit.,1,1550.00,1550.00,1550.00,1550.00,2025-08-06,1237
"Fixed power issue, repaired RAM circuit, and resolved connection conflict between BIOS and PCH",1,1150.00,1150.00,1150.00,1150.00,2025-08-09,1247
Change New KB Orignal Quilty,1,1350.00,1350.00,1350.00,1350.00,2025-08-15,1259
Fix Poweer Issue - Charging Circuit,1,1750.00,1750.00,1750.00,1750.00,2025-08-16,1260
Set of screws,1,100.00,100.00,100.00,100.00,2025-08-14,1258
Left hinge cover,1,75.00,75.00,75.00,75.00,2025-08-14,1258
Change New Battery 68W Orignal Quilty,1,1950.00,1950.00,1950.00,1950.00,2025-08-18,1269
"Fixed charging circuit; device was drawing high current during charging, causing damage to other circuits.",1,750.00,750.00,750.00,750.00,2025-08-04,1229
Add 2 Ram 2*4G,1,750.00,750.00,750.00,750.00,2025-08-19,1273
Change New Keyboard Orignal Quilty,1,1750.00,1750.00,1750.00,1750.00,2025-07-23,1209
اذاله اثار السائل وتغيير المكونات المتضرره - اصلاح مشكله داءره الباور و الشحن,1,1850.00,1850.00,1850.00,1850.00,2025-07-23,1209
Descoint,1,-250.00,-250.00,-250.00,-250.00,2025-07-23,1209
Change New Battery High.C,1,950.00,950.00,950.00,950.00,2025-08-18,1270
Change New Keyboard High.C,1,650.00,650.00,650.00,650.00,2025-08-18,1270
Actie Windows and Office,1,75.00,75.00,75.00,75.00,2025-08-18,1270
Add New Battery High.C,1,850.00,850.00,850.00,850.00,2025-08-20,1274
t 2323p,1,1800.00,1800.00,1800.00,1800.00,2025-08-20,1276
Change New Screen 15.6 LCD,1,3200.00,3200.00,3200.00,3200.00,2025-08-24,1281
Fixed power issue – 5V power system short; replaced all damaged components.,1,1950.00,1950.00,1950.00,1950.00,2025-08-18,1267
Fix Boot Issue ( Fix Original Bios and Reprograming),1,1350.00,1350.00,1350.00,1350.00,2025-08-21,1277
Fix Bios and Rebrograming,1,850.00,850.00,850.00,850.00,2025-08-23,1278
Fix HD Flat,1,250.00,250.00,250.00,250.00,2025-08-23,1278
Fixed housing – right hinge repair.,1,750.00,750.00,750.00,750.00,2025-08-28,1284
Change New KB  High Copy,1,650.00,650.00,650.00,650.00,2025-09-02,1286
Reboling PCH + Fix Power Circuit,1,4250.00,4250.00,4250.00,4250.00,2025-09-03,1288
Fix Full Hosing (A) Hings,1,1050.00,1050.00,1050.00,1050.00,2025-08-30,1285
Change New Battery 33YDH Orignal,1,2100.00,2100.00,2100.00,2100.00,2025-09-04,1290
Windows 11 Pro OEM Key For 1 Pc | مفتاح تفعيل ويندوز 11 برو لجهاز واحد,1,350.00,350.00,350.00,350.00,2025-09-04,1291
Change New /screen,1,1850.00,1850.00,1850.00,1850.00,2025-09-04,1292
ADD RAM 16G 3200,1,2300.00,2300.00,2300.00,2300.00,2025-09-06,1297
Fix Power Issue | Fix T.C Socket,1,850.00,850.00,850.00,850.00,2025-09-06,1294
Change New Battery YRDD6 Battery H.C,1,1200.00,1200.00,1200.00,1200.00,2025-09-06,1298
Add SSD 512 + Install HD + Install Windows + Basic Programs + Orignal Drivers,1,2150.00,2150.00,2150.00,2150.00,2025-09-09,1300
Replaced complete bottom case (including CD + Keyboard) for Dell G3 3500,1,4200.00,4200.00,4200.00,4200.00,2025-09-09,1299
Added 8GB DDR4 RAM.,1,850.00,850.00,850.00,850.00,2025-09-09,1299
Change New Battery HC WD,1,1150.00,1150.00,1150.00,1150.00,2025-09-11,1307
Change New Keybord Original For HP Elitebook 850 G6,1,1650.00,1650.00,1650.00,1650.00,2025-09-13,1308
Add SSD 256G,1,850.00,850.00,850.00,850.00,2025-09-13,1308
Fix Data Issue (Fix CPU Issue) - Fix and Reprograming Bios,1,850.00,850.00,850.00,850.00,2025-09-04,1289
Channge New Screen 15.6,1,2000.00,2000.00,2000.00,2000.00,2025-09-16,1312
Latitude 7480 TPM Error SN/JW2X9H2,1,450.00,450.00,450.00,450.00,2025-06-29,1177
HP Folio 1040 G3 No Data SN/ 5CD6185ZTY (Change Bios IC + Fix Build New Bios File),1,750.00,750.00,750.00,750.00,2025-06-29,1177
ThinkPad T490 T.C Socket SN/MJ0A895T,1,850.00,850.00,850.00,850.00,2025-06-29,1177
Change MB Latitude 5570,1,0.00,0.00,0.00,0.00,2025-06-29,1177
Fix Dell Latitude over heat,1,450.00,450.00,450.00,450.00,2025-06-29,1177
Zbook G3 No Data,1,650.00,650.00,650.00,650.00,2025-06-29,1177
Zbook G3 No Power } Fix T.C Controler - Power Circuit,1,1150.00,1150.00,1150.00,1150.00,2025-06-29,1177
Latitude 7420 No Power,1,1200.00,1200.00,1200.00,1200.00,2025-06-29,1177
HP Folio 1040 Fix TP + Change RTC Battery,1,450.00,450.00,450.00,450.00,2025-06-29,1177
Dell 7530 Fix No Power + Cooling System,1,750.00,750.00,750.00,750.00,2025-06-29,1177
Dell,1,0.00,0.00,0.00,0.00,2025-06-29,1177
HP Foilio Unlock Bios Password,1,350.00,350.00,350.00,350.00,2025-06-29,1177
Change USB Socket + Cooling System For Dell Precision 7550,1,350.00,350.00,350.00,350.00,2025-06-29,1177
Fix Power Issue | Resit And Fix Bios File,1,850.00,850.00,850.00,850.00,2025-09-20,1319
Cooling System Maintenance Ulra,1,1200.00,1200.00,1200.00,1200.00,2025-09-21,1321
Fix ic light circuit,1,800.00,800.00,800.00,800.00,2025-09-21,1324
Add Hosing B,1,450.00,450.00,450.00,450.00,2025-09-22,1327
Fix Hosing C + H + KB,1,750.00,750.00,750.00,750.00,2025-09-16,1314
SSD Lexer 512G + Install HD + Install Windows + Basic Programs + Orignal Drivers+ Cady,1,2150.00,2150.00,2150.00,2150.00,2025-09-25,1330
Fix Hosing Hings,1,350.00,350.00,350.00,350.00,2025-09-25,1330
Fix Power Short In Power Circuit,1,1150.00,1150.00,1150.00,1150.00,2025-09-20,1318
Fix Liquid Damige | Fix Power Circuit,1,1100.00,1100.00,1100.00,1100.00,2025-09-28,1332
Change Ram 8G DDR4,1,750.00,750.00,750.00,750.00,2025-09-28,1332
Change PCH and Fix Power Circuit,1,6000.00,6000.00,6000.00,6000.00,2025-09-22,1328
Change New Keyboard Original Backlight,1,1750.00,1750.00,1750.00,1750.00,2025-09-22,1328
Clear Lequid Damige | Fix Power Circuit,1,1250.00,1250.00,1250.00,1250.00,2025-09-22,1326
Windows 10 Pro OEM License Key For 1 PC | مفتاح تفعيل ويندوز 10 برو OEM لجهاز واحد,1,350.00,350.00,350.00,350.00,2025-09-29,1334
Change New Original Battery For Macbook A2338,1,4500.00,4500.00,4500.00,4500.00,2025-09-29,1337
Change Original Keyboard,1,2200.00,2200.00,2200.00,2200.00,2025-09-30,1338
Fix Power Issue | Fix Power Circuit - Charging Circuit,1,3500.00,3500.00,3500.00,3500.00,2025-09-18,1317
Fixed power circuit – isolated VRAM circuit due to short and reprogrammed IO,1,2500.00,2500.00,2500.00,2500.00,2025-09-24,1329
Change New Battery Original Quilty For Dell Latitude 7420,1,2500.00,2500.00,2500.00,2500.00,2025-10-02,1342
Change New Keyboard High Copy Non BAckLihte,1,1450.00,1450.00,1450.00,1450.00,2025-10-02,1341
Fix Power Circuit | Chort Circuit,1,1100.00,1100.00,1100.00,1100.00,2025-09-29,1335
Add SSD 512 Nvme,1,1850.00,1850.00,1850.00,1850.00,2025-10-05,1346
Add SSd128G + Install HD + Install Windows + Basic Programs + Orignal Drivers,1,1150.00,1150.00,1150.00,1150.00,2025-10-05,1348
Fix Ram Port + Change RTC Battery,1,650.00,650.00,650.00,650.00,2025-10-05,1348
Change New Battery High Copy Big 97W,1,1750.00,1750.00,1750.00,1750.00,2025-08-24,1282
Change  New Fan High Quilty For Dell G5 5590,1,1650.00,1650.00,1650.00,1650.00,2025-10-06,1349
Change New Original Battery,1,1850.00,1850.00,1850.00,1850.00,2025-10-06,1350
Fix Hosing + Fix Hings,1,1350.00,1350.00,1350.00,1350.00,2025-10-02,1340
Change RTC Battery Hiigh Quilty,1,300.00,300.00,300.00,300.00,2025-10-06,1352
Instal Adobi Photoshop - indesign,1,300.00,300.00,300.00,300.00,2025-10-06,1352
Change USB Port,1,350.00,350.00,350.00,350.00,2025-10-07,1353
Fix Hosing A 2H,1,850.00,850.00,850.00,850.00,2025-10-08,1355
Change New Original Battery Latitude 7390,1,1850.00,1850.00,1850.00,1850.00,2025-10-08,1357
Fix Charging Circuit + Change Power Socket,1,1000.00,1000.00,1000.00,1000.00,2025-10-07,1354
Fix Flat Screen - Free,1,0.00,0.00,0.00,0.00,2025-10-07,1354
Fix Power Issue } Bios repair,1,950.00,950.00,950.00,950.00,2025-10-05,1347
Change New Original Battery For Dell Inspiron 5567,1,1850.00,1850.00,1850.00,1850.00,2025-10-12,1359
1 - Autodesk Subscription For 29 Month,1,1000.00,1000.00,1000.00,1000.00,2025-10-13,1361
3 - Install Autodesk Program,1,150.00,150.00,150.00,150.00,2025-10-13,1361
Changed IO Controler and fixed power circuit due to liquid damage.,1,2050.00,2050.00,2050.00,2050.00,2025-09-30,1339
Change Power Soket,1,650.00,650.00,650.00,650.00,2025-09-30,1339
Cooling System Maintenance without thermal paste,1,450.00,450.00,450.00,450.00,2025-10-14,1362
Fix Hosing 2 Hings,1,750.00,750.00,750.00,750.00,2025-10-14,1362
Original HP Charger,1,850.00,850.00,850.00,850.00,2025-10-15,1365
Original Power Cable,1,60.00,60.00,60.00,60.00,2025-10-15,1365
Add SSD 256 M.2 + Install HD + Install Windows + Basic Programs + Orignal Drivers,1,1450.00,1450.00,1450.00,1450.00,2025-10-18,1366
Change New Original Keyboard For Elitebook 840 G5,1,1450.00,1450.00,1450.00,1450.00,2025-10-18,1368
Fix Hosing | Right Hing,1,350.00,350.00,350.00,350.00,2025-10-18,1368
Fix Hosing | Right Hings,1,950.00,950.00,950.00,950.00,2025-10-18,1367
Activ Office 6 month,1,75.00,75.00,75.00,75.00,2025-10-19,1370
Fix Screen Fream,1,0.00,0.00,0.00,0.00,2025-10-19,1370
Change New Battey For Elite Book 840 G3 Original Quilty,1,1850.00,1850.00,1850.00,1850.00,2025-10-21,1374
Fix TC Circuit,1,2200.00,2200.00,2200.00,2200.00,2025-10-20,1371
Change New Screen 15.6 For Zbook G3 High Quilty,1,2850.00,2850.00,2850.00,2850.00,2025-10-23,1375
Cooling System Maintenance Pro Plan,1,850.00,850.00,850.00,850.00,2025-10-14,1363
Change New Original Battery (Original Quilty),1,3450.00,3450.00,3450.00,3450.00,2025-10-14,1363
Add SSD Nvme 256G + Install HD + Install Windows + Basic Programs + Orignal Drivers,1,1550.00,1550.00,1550.00,1550.00,2025-10-26,1381
Fix 2 Hings,1,650.00,650.00,650.00,650.00,2025-10-25,1379
"Change New Screen 14"" High Quilty For HP Elitebook 840 G3",1,2000.00,2000.00,2000.00,2000.00,2025-10-29,1385
VET 14%,1,280.00,280.00,280.00,280.00,2025-10-29,1385
Fix Tow Hings,1,850.00,850.00,850.00,850.00,2025-10-29,1386
"Fixed power circuit, removed liquid residue, and repaired all issues caused by the spill.",1,1600.00,1600.00,1600.00,1600.00,2025-10-26,1380
Fix Data Issue | Ram Circuit + Cooling System Maintenance,1,1350.00,1350.00,1350.00,1350.00,2025-10-27,1382
Fix Hosing | Lift Hing,1,1300.00,1300.00,1300.00,1300.00,2025-10-31,1388
Fix Data Issue | Charging Circuit And RePrograming Bios,1,1250.00,1250.00,1250.00,1250.00,2025-10-29,1387
Change New Original Battery 97W,1,3650.00,3650.00,3650.00,3650.00,2025-10-29,1387
تم الخصم عند المحاسبه,1,-200.00,-200.00,-200.00,-200.00,2025-10-29,1387
"Removed liquid residue, fixed all related issues, and repaired RUN Power circuit with replacement of missing components.",1,2250.00,2250.00,2250.00,2250.00,2025-10-23,1376
Cooling System maintenance For2 Device,1,1100.00,1100.00,1100.00,1100.00,2025-11-04,1393
install os For 3 Device,1,450.00,450.00,450.00,450.00,2025-11-04,1393
Fix Hoaing,1,650.00,650.00,650.00,650.00,2025-11-04,1390
"Fix Power Issue | Change Power System IC + Fix 1,8V Circuit + Change IO Controller (",1,4950.00,4950.00,4950.00,4950.00,2025-09-21,1323
Battery For Dell Latitude 7480 HC,1,950.00,950.00,950.00,950.00,2025-11-12,1398
Change New Keyboard HC,1,550.00,550.00,550.00,550.00,2025-11-12,1402
Change New BAttery High Copy,1,1650.00,1650.00,1650.00,1650.00,2025-11-15,1405
Fix Data issue | Fix Ram Circuit + Reset,1,950.00,950.00,950.00,950.00,2025-11-12,1399
Fix Data Issue | Fix RAM Circuit +  Fix and Reprograming Original Bios,1,1850.00,1850.00,1850.00,1850.00,2025-11-11,1395
Fix Fans,1,150.00,150.00,150.00,150.00,2025-11-11,1395
Change to SSD 128G + Install HD + Install Windows + Basic Programs + Orignal Drivers,1,1025.00,1025.00,1025.00,1025.00,2025-11-13,1403
Change New Battery Original,1,1850.00,1850.00,1850.00,1850.00,2025-11-16,1409
Chinge New Power Socket High Quilty,1,550.00,550.00,550.00,550.00,2025-11-16,1410
Change New  New Hosing AB,1,1650.00,1650.00,1650.00,1650.00,2025-10-20,1372
Change Wifi Antina,1,250.00,250.00,250.00,250.00,2025-10-20,1372
Fix Touch Pad Free,1,0.00,0.00,0.00,0.00,2025-10-20,1372
Change USB Port + Fix Circuit,1,450.00,450.00,450.00,450.00,2025-08-11,1255
Fix Charging  Circuit,1,1500.00,1500.00,1500.00,1500.00,2025-11-02,1389
Fix Bios Circuit + Fix And Reprogramming Original Bios,1,1350.00,1350.00,1350.00,1350.00,2025-11-11,1396
Change Screen From Lenpvp Ideabad 500 (Scrap),1,0.00,0.00,0.00,0.00,2025-11-24,1417
Fix T.C Circuit + Fix Power Issue | Short Circuit,1,1500.00,1500.00,1500.00,1500.00,2025-11-17,1411
